"mbtag","artist_id"
"european","AR1H1GY1187B991F17"
"finnish","AR1H7QV1187FB38157"
"finland","AR1H7QV1187FB38157"
"nordic metal","AR1H7QV1187FB38157"
"melodic death metal","AR1H7QV1187FB38157"
"melodic extreme metal","AR1H7QV1187FB38157"
"melodic metal","AR1H7QV1187FB38157"
"metal","AR1H7QV1187FB38157"
"américain","AR1HDG81187B9B3E57"
"indie pop","AR1HDG81187B9B3E57"
"usa","AR1HDG81187B9B3E57"
"american","AR1HDG81187B9B3E57"
"rock and indie","AR1HSHQ1187B9A2140"
"alternative country","AR1HSXL1187B9AE207"
"american","AR1HSXL1187B9AE207"
"scottish","AR1HTN71187B989C2D"
"folk","AR1HTN71187B989C2D"
"american","AR1I0OG1187B98AD2C"
"south african","AR1IA8J1187B991EDF"
"idm","AR1IDYQ1187B98E714"
"techno","AR1IDYQ1187B98E714"
"electro-industrial","AR1IDYQ1187B98E714"
"electronic","AR1IDYQ1187B98E714"
"german","AR1IDYQ1187B98E714"
"hip hop rnb and dance hall","AR1IJ1Z11C8A41500D"
"czech","AR1IVRT1187B99D88C"
"german","AR1JD6E1187FB5696C"
"jazz","AR1JD6E1187FB5696C"
"european","AR1JD6E1187FB5696C"
"cajun","AR1JGQT1187FB56878"
"rock and indie","AR1JLAW1187FB38508"
"power electronics","AR1JT4I1187B98FF47"
"washington dc","AR1KCOX1187FB4D2A9"
"finnish","AR1KGL11187B9A962C"
"minimal techno","AR1LKJN11C8A4212C5"
"downtempo","AR1LKJN11C8A4212C5"
"deep house","AR1LKJN11C8A4212C5"
"manolis zografakis","AR1LKJN11C8A4212C5"
"the sound of everything","AR1LKJN11C8A4212C5"
"electronica","AR1LKJN11C8A4212C5"
"chillout","AR1LKJN11C8A4212C5"
"progressive house","AR1LKJN11C8A4212C5"
"dance and electronica","AR1LKWI1187FB4F236"
"rock and indie","AR1LQCR1187B990060"
"world","AR1LT8R1187B9B7111"
"country","AR1LYBP1187FB3F510"
"folk","AR1LYBP1187FB3F510"
"finnish","AR1LYHY1187B997CE7"
"rock and indie","AR1MOZM1187FB4297C"
"hard rock","AR1MPEI1187B9ABB20"
"rock","AR1MPEI1187B9ABB20"
"rock and roll","AR1MPEI1187B9ABB20"
"uk","AR1NHBS1187FB4CA7D"
"british","AR1NHBS1187FB4CA7D"
"classic pop and rock","AR1NHBS1187FB4CA7D"
"punk","AR1NHBS1187FB4CA7D"
"alternative","AR1NHBS1187FB4CA7D"
"cardiff","AR1NHBS1187FB4CA7D"
"welsh","AR1NHBS1187FB4CA7D"
"wales","AR1NHBS1187FB4CA7D"
"rock and indie","AR1NJEP1187FB4F4C1"
"french","AR1NPHR1187FB44E18"
"bhangra","AR1NRA91187FB404C3"
"punjabi","AR1NRA91187FB404C3"
"usa","AR1NXT31187FB3A6FA"
"américain","AR1NXT31187FB3A6FA"
"american","AR1NXT31187FB3A6FA"
"post-hardcore","AR1NXT31187FB3A6FA"
"travis barker","AR1NXT31187FB3A6FA"
"united states","AR1NXT31187FB3A6FA"
"punk","AR1NXT31187FB3A6FA"
"pop and chart","AR1O4NH1187B98F0C9"
"classic pop and rock","AR1O7ZH1187B9A5621"
"united states","AR1O7ZH1187B9A5621"
"black metal","AR1OBRC1187FB59AD4"
"death metal","AR1OBRC1187FB59AD4"
"polish","AR1OBRC1187FB59AD4"
"blackened death metal","AR1OBRC1187FB59AD4"
"metal","AR1OBRC1187FB59AD4"
"german","AR1ON8N1187B98FE42"
"classic pop and rock","AR1OSPO1187FB5CFA1"
"warp","AR1OSS61187B98CAED"
"punk","AR1OTU11187FB4E469"
"france","AR1OTU11187FB4E469"
"dj","AR1OVX71187FB4F1D9"
"electronic","AR1OVX71187FB4F1D9"
"breakbeat","AR1OVX71187FB4F1D9"
"american","AR1OWF21187B9AC594"
"alternative rock","AR1OWF21187B9AC594"
"rock and indie","AR1OWF21187B9AC594"
"industrial rock","AR1OWF21187B9AC594"
"rock","AR1OWF21187B9AC594"
"violoniste","AR1P28K1187FB4A700"
"jazz","AR1P28K1187FB4A700"
"français","AR1P28K1187FB4A700"
"french","AR1P28K1187FB4A700"
"compositeur","AR1P28K1187FB4A700"
"france","AR1P28K1187FB4A700"
"composer","AR1P28K1187FB4A700"
"violinist","AR1P28K1187FB4A700"
"francophone","AR1P28K1187FB4A700"
"taiwanese","AR1P7OW1187FB5B3E1"
"chinese","AR1P7OW1187FB5B3E1"
"french","AR1PC9R1187B9ACC9A"
"france","AR1PC9R1187B9ACC9A"
"rock and indie","AR1PC9R1187B9ACC9A"
"composer","AR1PC9R1187B9ACC9A"
"soundtrack","AR1PC9R1187B9ACC9A"
"accordéoniste","AR1PC9R1187B9ACC9A"
"français","AR1PC9R1187B9ACC9A"
"accordionist","AR1PC9R1187B9ACC9A"
"francophone","AR1PC9R1187B9ACC9A"
"european","AR1PC9R1187B9ACC9A"
"soundtrack","AR1PCLK1187FB5BBFF"
"american","AR1PCLK1187FB5BBFF"
"german","AR1PLMZ1187B9B6456"
"soul","AR1PLMZ1187B9B6456"
"rock and indie","AR1PN1B1187FB36561"
"rock and indie","AR1PQST1187FB4D913"
"hip-hop","AR1Q25M1187B9B0D73"
"american","AR1Q25M1187B9B0D73"
"hip hop rnb and dance hall","AR1Q25M1187B9B0D73"
"progressive metal","AR1QBHL1187B9A01A4"
"metal","AR1QBHL1187B9A01A4"
"classical","AR1QF001187B9B2B9F"
"jazz","AR1QF001187B9B2B9F"
"american","AR1QF001187B9B2B9F"
"cool jazz","AR1QF001187B9B2B9F"
"west coast jazz","AR1QF001187B9B2B9F"
"jazz and blues","AR1QF001187B9B2B9F"
"classic pop and rock","AR1QQHT1187B9B0022"
"american","AR1QVPU1187FB56B47"
"country","AR1QVPU1187FB56B47"
"folk","AR1QVPU1187FB56B47"
"finnish","AR1QWMO1187FB4BFAD"
"rock and indie","AR1R15M1187B9AEB0D"
"rock and indie","AR1R2DZ1187FB5A323"
"rock and indie","AR1RA2I1187B9991AC"
"american","AR1RFJ41187B98B59A"
"alternative metal","AR1RMYB1187FB5A59E"
"alternative rock","AR1RMYB1187FB5A59E"
"rock","AR1RMYB1187FB5A59E"
"metal","AR1RMYB1187FB5A59E"
"funk metal","AR1RMYB1187FB5A59E"
"american","AR1RMYB1187FB5A59E"
"rock and indie","AR1S1021187B9A4032"
"rock and indie","AR1S9ZF1187FB3CBB0"
"italian","AR1SF0G1187B9AF4F0"
"american","AR1SI131187FB39F9F"
"south american","AR1SINY1187B9B9429"
"argentinian","AR1SINY1187B9B9429"
"german","AR1SQV21187B9AE9C6"
"classic pop and rock","AR1SUNB1187FB41BC8"
"punk","AR1SVJX1187FB3A7D9"
"winnipeg","AR1SVJX1187FB3A7D9"
"canada","AR1SVJX1187FB3A7D9"
"classic pop and rock","AR1T30W1187FB4AE7E"
"united states","AR1T5VW1187B9B9586"
"cuban","AR1TIS71187FB37160"
"dance","AR1TIS71187FB37160"
"rock","AR1TIS71187FB37160"
"latin pop","AR1TIS71187FB37160"
"dance-pop","AR1TIS71187FB37160"
"pop","AR1TIS71187FB37160"
"american","AR1TIS71187FB37160"
"pop rock","AR1TIS71187FB37160"
"pop and chart","AR1TIS71187FB37160"
"rock","AR1TP7S1187B99F120"
"american","AR1TP7S1187B99F120"
"indie rock","AR1TP7S1187B99F120"
"motown","AR1TQH71187B994258"
"jazz and blues","AR1TZTZ1187B9AE804"
"industrial rock","AR1U3BY1187B9B136F"
"american","AR1U3BY1187B9B136F"
"drum and bass","AR1U87A1187FB4D0D6"
"hip hop rnb and dance hall","AR1U87A1187FB4D0D6"
"pop","AR1UAUF1187B98B5E2"
"dutch","AR1UAUF1187B98B5E2"
"classic pop and rock","AR1UBH11187FB3643A"
"folk","AR1UBH11187FB3643A"
"german","AR1UH3J11C8A416B43"
"classic pop and rock","AR1UR7X1187FB50596"
"folk","AR1URGD1187B98F194"
"rock","AR1US5B1187B9914F9"
"american","AR1US5B1187B9914F9"
"eurodance","AR1UU1N1187B98D334"
"classic pop and rock","AR1UW1E1187B99B2F1"
"house","AR1UZRC1187B9B8389"
"blues","AR1VB2W1187B9901C5"
"uk","AR1VG6L1187B999D3F"
"punk","AR1VG6L1187B999D3F"
"trowbridge","AR1VG6L1187B999D3F"
"melksham","AR1VG6L1187B999D3F"
"england","AR1VG6L1187B999D3F"
"wiltshire","AR1VG6L1187B999D3F"
"anarcho","AR1VG6L1187B999D3F"
"dance and electronica","AR1VILD1187B9961C9"
"house","AR1VILD1187B9961C9"
"progressive trance","AR1VILD1187B9961C9"
"electronica","AR1VILD1187B9961C9"
"electronic","AR1VILD1187B9961C9"
"united kingdom","AR1VKHK1187FB4710A"
"instrumental","AR1VKHK1187FB4710A"
"classic pop and rock","AR1VQH21187B9B2BB7"
"thrash metal","AR1VTN71187B991D87"
"metalcore","AR1VTN71187B991D87"
"metal","AR1VTN71187B991D87"
"british","AR1VWD91187FB4CE99"
"english","AR1VWD91187FB4CE99"
"psychedelic rock","AR1VWD91187FB4CE99"
"rnb","AR1VWD91187FB4CE99"
"rock","AR1VWD91187FB4CE99"
"blues rock","AR1VWD91187FB4CE99"
"uk","AR1VWD91187FB4CE99"
"rock and indie","AR1VWD91187FB4CE99"
"death metal","AR1VX9V1187B9903D2"
"uk","AR1W94W1187B992A7D"
"4ad","AR1W94W1187B992A7D"
"british","AR1W94W1187B992A7D"
"english","AR1W94W1187B992A7D"
"classic pop and rock","AR1WC0X1187B991056"
"b00138f5lm","AR1WC0X1187B991056"
"dance and electronica","AR1WEZI1187B9AA902"
"eurovision","AR1WFQX1187B9BA2B8"
"french","AR1WFQX1187B9BA2B8"
"minimal","AR1WJNN1187B98D5BB"
"ambient","AR1WJNN1187B98D5BB"
"electronic","AR1WJNN1187B98D5BB"
"glitch","AR1WJNN1187B98D5BB"
"soul and reggae","AR1WKBM1187FB38900"
"reggae","AR1WWVL1187B9B0306"
"birmingham","AR1WWVL1187B9B0306"
"uk","AR1WWVL1187B9B0306"
"british","AR1WWVL1187B9B0306"
"english","AR1WWVL1187B9B0306"
"classic pop and rock","AR1WWVL1187B9B0306"
"soul and reggae","AR1WWVL1187B9B0306"
"french","AR1X2H01187B98CCF2"
"progressive metal","AR1X9I91187FB36254"
"neu rave","AR1XA631187FB57662"
"uk","AR1XA631187FB57662"
"psychedelic pop","AR1XA631187FB57662"
"new rave","AR1XA631187FB57662"
"britannique","AR1XA631187FB57662"
"british","AR1XA631187FB57662"
"rock and indie","AR1XA631187FB57662"
"progressive rock","AR1XABQ1187B9B178A"
"retro prog","AR1XABQ1187B9B178A"
"easy listening soundtracks and musicals","AR1XD261187B9ACF9B"
"alternative rock","AR1XEHY1187B991393"
"rock","AR1XEHY1187B991393"
"american","AR1XEHY1187B991393"
"indie rock","AR1XEHY1187B991393"
"jazz and blues","AR1XIHA1187FB4AED3"
"german","AR1XMED1187B995BD4"
"indie","AR1XMED1187B995BD4"
"indie pop","AR1XMED1187B995BD4"
"pop","AR1XMED1187B995BD4"
"idm","AR1XR3N1187FB372C5"
"electronic","AR1XR3N1187FB372C5"
"folk","AR1XRGZ1187FB5392A"
"folk","AR1XUYS1187B9A44D7"
"celtic","AR1XUYS1187B9A44D7"
"folk rock","AR1XWI51187B9B2101"
"rock","AR1XWI51187B9B2101"
"american","AR1XWI51187B9B2101"
"folk","AR1XWI51187B9B2101"
"french","AR1Y9BJ1187FB47430"
"paris","AR1Y9BJ1187FB47430"
"european","AR1YET41187B9AE2CB"
"german","AR1YET41187B9AE2CB"
"pop and chart","AR1YET41187B9AE2CB"
"post-punk","AR1YNET1187FB3BE6C"
"rock and indie","AR1YNET1187FB3BE6C"
"folk","AR1YOA01187FB4D066"
"hip hop rnb and dance hall","AR1YTOP1187FB585C4"
"folk","AR1YWN01187FB55249"
"warp","AR1Z0VP1187FB3CF14"
"german","AR1ZBTG1187FB47E2F"
"german","AR1ZKBE1187FB53629"
"electronic","AR1ZKBE1187FB53629"
"synthpop","AR1ZKBE1187FB53629"
"krautrock","AR1ZKBE1187FB53629"
"classic pop and rock","AR1ZKBE1187FB53629"
"electro","AR1ZKBE1187FB53629"
"european","AR1ZKBE1187FB53629"
"düsseldorf","AR1ZKBE1187FB53629"
"techno","AR1ZKBE1187FB53629"
"rock","AR1ZKBE1187FB53629"
"industrial","AR1ZKBE1187FB53629"
"rock and indie","AR1ZYLH1187B98C159"
"hip hop","AR1ZYLH1187B98C159"
"production music","AR1ZZOW1187B99BA84"
"uk","AR202DD1187B9923C6"
"british","AR202DD1187B9923C6"
"english","AR202DD1187B9923C6"
"hip hop rnb and dance hall","AR202MX1187B9B0383"
"hip hop rnb and dance hall","AR207DY1187B989731"
"world","AR209WZ1187FB37F8C"
"rock and indie","AR20ODR1187FB55619"
"us","AR20ODR1187FB55619"
"hiphop","AR20ODR1187FB55619"
"british","AR20RMZ1187B9B2994"
"english","AR20RMZ1187B9B2994"
"uk","AR20RMZ1187B9B2994"
"electronic","AR20RMZ1187B9B2994"
"london","AR20RMZ1187B9B2994"
"punk","AR20XWY1187FB3CAEB"
"california","AR20XWY1187FB3CAEB"
"usa","AR20XWY1187FB3CAEB"
"uk","AR20Z421187FB40C07"
"british","AR20Z421187FB40C07"
"english","AR20Z421187FB40C07"
"riot grrrl","AR20Z421187FB40C07"
"metal","AR212SC1187FB4A4F9"
"hard rock","AR212SC1187FB4A4F9"
"british","AR212SC1187FB4A4F9"
"nwobhm","AR212SC1187FB4A4F9"
"rock","AR212SC1187FB4A4F9"
"rock n roll","AR212SC1187FB4A4F9"
"speed metal","AR212SC1187FB4A4F9"
"heavy metal","AR212SC1187FB4A4F9"
"gratuitous heavy metal umlaut","AR212SC1187FB4A4F9"
"classic pop and rock","AR212SC1187FB4A4F9"
"uk","AR212XJ1187B98A1B8"
"british","AR212XJ1187B98A1B8"
"english","AR212XJ1187B98A1B8"
"asian","AR212XJ1187B98A1B8"
"british asian","AR212XJ1187B98A1B8"
"rock and indie","AR212XJ1187B98A1B8"
"trance","AR219DK1187FB4CEFC"
"electronic","AR219DK1187FB4CEFC"
"european","AR219DK1187FB4CEFC"
"german","AR219DK1187FB4CEFC"
"classical","AR21WU61187FB47878"
"thrash metal","AR21X5F1187FB380A5"
"rnb","AR21YNH1187FB49649"
"rap","AR21YNH1187FB49649"
"hip-hop","AR21YNH1187FB49649"
"british","AR21YNH1187FB49649"
"hip hop rnb and dance hall","AR21YNH1187FB49649"
"american","AR223M11187B9ADDD6"
"classic pop and rock","AR2251P1187FB5983E"
"rnb","AR2251P1187FB5983E"
"urban contemporary","AR2251P1187FB5983E"
"american","AR2251P1187FB5983E"
"dance-pop","AR2251P1187FB5983E"
"dance and electronica","AR226CG1187B9B1748"
"country","AR227JP1187FB375BC"
"uk","AR22GNA1187B9AA754"
"british","AR22GNA1187B9AA754"
"english","AR22GNA1187B9AA754"
"american","AR22HWU1187FB5A9A6"
"hip-hop","AR22HWU1187FB5A9A6"
"finnish","AR22KLC1187B98E812"
"american","AR22MPF1187B994451"
"rock and indie","AR22PYY1187FB36E5C"
"kpop","AR238371187B994B44"
"jpop","AR238371187B994B44"
"c-pop","AR238371187B994B44"
"k-pop","AR238371187B994B44"
"japanese","AR238371187B994B44"
"j-pop","AR238371187B994B44"
"pop","AR238371187B994B44"
"electronic","AR239ZG1187B98930E"
"electro","AR239ZG1187B98930E"
"rap","AR23C041187FB4D534"
"hip-hop","AR23C041187FB4D534"
"hip hop rnb and dance hall","AR23C041187FB4D534"
"kreuzberg","AR23KBU1187B99D434"
"berlin kreuzberg","AR23KBU1187B99D434"
"german","AR23KBU1187B99D434"
"berlin","AR23KBU1187B99D434"
"mandarin","AR23SSG1187FB3AC75"
"taiwanese","AR23SSG1187FB3AC75"
"chinese","AR23SSG1187FB3AC75"
"classic pop and rock","AR23TKS1187B9B61B2"
"pop-punk","AR24BF81187B98EEB6"
"rock","AR24BF81187B98EEB6"
"american","AR24BF81187B98EEB6"
"soul and reggae","AR24DZB1187FB3C869"
"folk","AR24G861187B9B7FAC"
"dance","AR24LA21187FB58F60"
"electronic","AR24W771187B9AFAF6"
"german","AR24W771187B9AFAF6"
"power noise","AR24W771187B9AFAF6"
"american","AR24XPH1187FB58AA5"
"country","AR24XPH1187FB58AA5"
"pop","AR24XPH1187FB58AA5"
"russian","AR25AKF1187FB50294"
"uk","AR25ETZ1187FB4656C"
"british","AR25ETZ1187FB4656C"
"english","AR25ETZ1187FB4656C"
"soundtrack composer","AR25WM21187FB461B3"
"french","AR25WM21187FB461B3"
"production music","AR25WM21187FB461B3"
"world","AR25ZLK1187FB3AE82"
"fusion","AR25ZLK1187FB3AE82"
"electronica","AR25ZLK1187FB3AE82"
"indian","AR25ZLK1187FB3AE82"
"classic pop and rock","AR2665Z1187FB56AB9"
"folk","AR26HRX1187FB3620F"
"classic pop and rock","AR26N5C1187FB52DDB"
"french","AR271V81187FB4F160"
"rock","AR27AEB1187B98D39D"
"american","AR27AEB1187B98D39D"
"rock and indie","AR27AEB1187B98D39D"
"blues","AR27AEB1187B98D39D"
"rock and roll","AR27AEB1187B98D39D"
"world","AR27CBZ1187B9ADD79"
"german","AR27I661187FB47075"
"depro-punk","AR27I661187FB47075"
"post-punk","AR27I661187FB47075"
"melancholic","AR27I661187FB47075"
"melodic death metal","AR27M2F1187B9B1C50"
"swedish","AR27M2F1187B9B1C50"
"metal","AR27M2F1187B9B1C50"
"gothenburg","AR27M2F1187B9B1C50"
"gothenburg metal","AR27M2F1187B9B1C50"
"classic pop and rock","AR27WDS1187FB39823"
"french","AR27XEH1187FB4EC83"
"singer","AR285BY1187FB3965B"
"jazz","AR285BY1187FB3965B"
"american","AR285BY1187FB3965B"
"pianist","AR285BY1187FB3965B"
"punk","AR28R321187FB4CA01"
"new orleans","AR28R321187FB4CA01"
"power pop","AR28R321187FB4CA01"
"usa","AR28R321187FB4CA01"
"atp","AR28U6O1187FB5842A"
"atp recordings","AR28U6O1187FB5842A"
"all tomorrows parties","AR28U6O1187FB5842A"
"noise","AR28U6O1187FB5842A"
"dance and electronica","AR28U6O1187FB5842A"
"topnotch","AR29Q2L1187B99F14B"
"arabic","AR29Q2L1187B99F14B"
"rap","AR29Q2L1187B99F14B"
"dutch","AR29Q2L1187B99F14B"
"nl","AR29Q2L1187B99F14B"
"hiphop","AR29Q2L1187B99F14B"
"soundtrack","AR29ZZM1187B9B04C7"
"english","AR29ZZM1187B9B04C7"
"easy listening soundtracks and musicals","AR29ZZM1187B9B04C7"
"film composer","AR29ZZM1187B9B04C7"
"production music","AR29ZZM1187B9B04C7"
"parlophone","AR2A6UJ1187FB4BF5C"
"uk","AR2A6UJ1187FB4BF5C"
"british","AR2A6UJ1187FB4BF5C"
"english","AR2A6UJ1187FB4BF5C"
"rock and indie","AR2A6UJ1187FB4BF5C"
"death metal","AR2A9N61187FB388CC"
"american","AR2A9N61187FB388CC"
"metal","AR2A9N61187FB388CC"
"technical","AR2A9N61187FB388CC"
"uk","AR2AEIR1187B9B9FC9"
"crust","AR2AEIR1187B9B9FC9"
"punk","AR2AEIR1187B9B9FC9"
"england","AR2AEIR1187B9B9FC9"
"anarcho","AR2AEIR1187B9B9FC9"
"crust punk","AR2AEIR1187B9B9FC9"
"anarcho-punk","AR2AEIR1187B9B9FC9"
"british","AR2AEIR1187B9B9FC9"
"metal","AR2AEIR1187B9B9FC9"
"punk","AR2AP901187FB3BE5B"
"germany","AR2AP901187FB3BE5B"
"berlin","AR2AP901187FB3BE5B"
"ninja tune","AR2AVSC1187B991634"
"uk","AR2AVSC1187B991634"
"british","AR2AVSC1187B991634"
"english","AR2AVSC1187B991634"
"dance and electronica","AR2AVSC1187B991634"
"idm","AR2AVSC1187B991634"
"london","AR2AXFR1187FB53BA6"
"england","AR2AXFR1187FB53BA6"
"uk","AR2AXFR1187FB53BA6"
"punk","AR2AXFR1187FB53BA6"
"rock and indie","AR2B0DQ1187B99B220"
"czechoslovakia","AR2B8ON1187FB58456"
"french","AR2BG1S1187FB52489"
"french metal","AR2BG1S1187FB52489"
"metal","AR2BG1S1187FB52489"
"finnish","AR2BNTC1187B9B73A0"
"greek","AR2BOYD1187FB5BEA4"
"rock and indie","AR2BS1V1187B9AA66D"
"tango nuevo","AR2C1RF1187B9B53EF"
"bandoneonist","AR2C1RF1187B9B53EF"
"world","AR2C1RF1187B9B53EF"
"tangazo","AR2C1RF1187B9B53EF"
"country","AR2C54R1187B993B4C"
"rock","AR2C54R1187B993B4C"
"american","AR2C54R1187B993B4C"
"folk","AR2C54R1187B993B4C"
"pop","AR2C54R1187B993B4C"
"blues rock","AR2C54R1187B993B4C"
"classic pop and rock","AR2C54R1187B993B4C"
"german","AR2C5G51187FB4203F"
"post-rock","AR2C5G51187FB4203F"
"hamburger schule","AR2C5G51187FB4203F"
"indie rock","AR2C5G51187FB4203F"
"country","AR2CD9Z1187FB5B754"
"folk","AR2CD9Z1187FB5B754"
"uk","AR2CRN41187FB38538"
"british","AR2CRN41187FB38538"
"english","AR2CRN41187FB38538"
"4ad","AR2CRN41187FB38538"
"english","AR2D0XK1187B98EC4A"
"production music","AR2D0XK1187B98EC4A"
"greek","AR2D2VJ1187FB3CAA3"
"rock and indie","AR2DGLV1187FB59329"
"american","AR2DGPY1187FB4CECF"
"pop","AR2DGPY1187FB4CECF"
"rock","AR2DGPY1187FB4CECF"
"surf","AR2DGPY1187FB4CECF"
"classic pop and rock","AR2DGPY1187FB4CECF"
"psychedelic rock","AR2DGPY1187FB4CECF"
"surf rock","AR2DGPY1187FB4CECF"
"américain","AR2DGPY1187FB4CECF"
"usa","AR2DGPY1187FB4CECF"
"rock and roll","AR2DGPY1187FB4CECF"
"electronic","AR2DGXT11C8A42C4EF"
"australian","AR2DGXT11C8A42C4EF"
"electro","AR2DGXT11C8A42C4EF"
"remixer","AR2DGXT11C8A42C4EF"
"pop","AR2DGXT11C8A42C4EF"
"synth pop","AR2DGXT11C8A42C4EF"
"melbourne","AR2DGXT11C8A42C4EF"
"disco","AR2DGXT11C8A42C4EF"
"dance","AR2DGXT11C8A42C4EF"
"czech","AR2DI2C1187B9B1119"
"classic pop and rock","AR2DMY71187B9A4516"
"scotish","AR2DMY71187B9A4516"
"soft rock","AR2DMY71187B9A4516"
"male vocalists","AR2DMY71187B9A4516"
"pop","AR2DMY71187B9A4516"
"90s","AR2DMY71187B9A4516"
"80s","AR2DMY71187B9A4516"
"rock and indie","AR2DP8Z1187FB3C4D7"
"nintendocore","AR2DP8Z1187FB3C4D7"
"uk","AR2E25L1187B98A64D"
"punk","AR2E25L1187B98A64D"
"norfolk","AR2E25L1187B98A64D"
"norwich","AR2E25L1187B98A64D"
"norwegian","AR2EBRG1187B9B07C8"
"classic pop and rock","AR2EC591187FB4B3E4"
"heavy metal","AR2EHIJ1187B9A45BC"
"thrash metal","AR2EHIJ1187B9A45BC"
"power metal","AR2EHIJ1187B9A45BC"
"uk","AR2EMEJ1187FB3BB2B"
"indie","AR2EMEJ1187FB3BB2B"
"usa","AR2EMEJ1187FB3BB2B"
"easy listening soundtracks and musicals","AR2EO6H1187B9A3B92"
"composer","AR2EO6H1187B9A3B92"
"hardcore punk","AR2FAMK1187FB4CF60"
"alternative rock","AR2FAMK1187FB4CF60"
"rock","AR2FAMK1187FB4CF60"
"american","AR2FAMK1187FB4CF60"
"punk rock","AR2FAMK1187FB4CF60"
"rock and indie","AR2FAMK1187FB4CF60"
"punk","AR2FAMK1187FB4CF60"
"usa","AR2FAMK1187FB4CF60"
"classic pop and rock","AR2FO2M1187B9B9C81"
"puerto rican","AR2FSX31187B98E3EF"
"dutch","AR2G2K11187FB55D70"
"the netherlands","AR2G2K11187FB55D70"
"jazz and blues","AR2G8SU1187FB4A871"
"futurepop","AR2GAGN1187B9A07C9"
"aggrotech","AR2GAGN1187B9A07C9"
"electro-industrial","AR2GAGN1187B9A07C9"
"jazz","AR2GAOJ1187FB57B68"
"swedish","AR2GAOJ1187FB57B68"
"jazz and blues","AR2GAOJ1187FB57B68"
"czech","AR2GFJV1187B9A4805"
"european","AR2GFJV1187B9A4805"
"rock and indie","AR2GFJV1187B9A4805"
"canadian","AR2GWFK1187FB38CBF"
"american","AR2H1J41187FB5C640"
"video game","AR2H1J41187FB5C640"
"soundtrack","AR2H1J41187FB5C640"
"film composer","AR2H1J41187FB5C640"
"singer","AR2H1J41187FB5C640"
"lyricist","AR2H1J41187FB5C640"
"united states","AR2H1J41187FB5C640"
"folk","AR2HFGH1187FB43D13"
"dutch","AR2HFII1187FB378BC"
"german","AR2HSTW1187FB4B8F3"
"hip hop","AR2HSTW1187FB4B8F3"
"punk","AR2HV331187B9931B5"
"california","AR2HV331187B9931B5"
"usa","AR2HV331187B9931B5"
"san francisco","AR2HV331187B9931B5"
"classic pop and rock","AR2HXXS1187B9AF3E2"
"classic pop and rock","AR2I8O01187B9ADF56"
"american","AR2IEWC1187FB3F042"
"uk","AR2IJAY1187B991E28"
"happy hardcore","AR2IJAY1187B991E28"
"swedish","AR2IKF71187FB4D0C2"
"pop","AR2IKF71187FB4D0C2"
"europop","AR2IKF71187FB4D0C2"
"european","AR2IKF71187FB4D0C2"
"eurodance","AR2IKF71187FB4D0C2"
"adult contemporary","AR2IKF71187FB4D0C2"
"electronic","AR2IKF71187FB4D0C2"
"canadian","AR2IQVG1187B98DEAB"
"turntablism","AR2IQVG1187B98DEAB"
"electronic","AR2IQVG1187B98DEAB"
"ninja tune","AR2IQVG1187B98DEAB"
"jazz and blues","AR2IXXH1187FB52709"
"rock and indie","AR2JB471187FB470A2"
"folk","AR2JSO31187FB5405E"
"folk","AR2K3Q81187B9B44A2"
"the netherlands","AR2KQ1S1187B9AD1AB"
"tour d amour","AR2KQ1S1187B9AD1AB"
"seen live","AR2KZHF1187B9B2ABF"
"gothic metal","AR2KZHF1187B9B2ABF"
"symphonic metal","AR2KZHF1187B9B2ABF"
"german","AR2KZHF1187B9B2ABF"
"metal","AR2KZHF1187B9B2ABF"
"production music","AR2L2GV11C8A42C818"
"classic pop and rock","AR2L81L1187FB57A5A"
"ambient","AR2L9A61187B9ADDBC"
"electronic","AR2L9A61187B9ADDBC"
"german","AR2L9A61187B9ADDBC"
"krautrock","AR2L9A61187B9ADDBC"
"new age","AR2L9A61187B9ADDBC"
"european","AR2L9A61187B9ADDBC"
"classic pop and rock","AR2L9A61187B9ADDBC"
"berlin school","AR2L9A61187B9ADDBC"
"synthesizer","AR2L9A61187B9ADDBC"
"rock","AR2L9A61187B9ADDBC"
"rock and indie","AR2LUU51187B9B1E70"
"finnish","AR2M3VJ1187FB4EAE8"
"uk","AR2MBVD1187FB39A78"
"scottish","AR2MBVD1187FB39A78"
"british","AR2MBVD1187FB39A78"
"english","AR2MBVD1187FB39A78"
"rock","AR2MMCK1187B99E100"
"blues","AR2MMCK1187B99E100"
"metal","AR2MMCK1187B99E100"
"soul","AR2MMCK1187B99E100"
"english","AR2MMCK1187B99E100"
"production music","AR2MPI51187B9912BC"
"4ad","AR2MPK01187FB4D192"
"delta blues","AR2MSUY1187B9B4602"
"chicago blues","AR2MSUY1187B9B4602"
"electric blues","AR2MSUY1187B9B4602"
"american","AR2MSUY1187B9B4602"
"classic pop and rock","AR2MSUY1187B9B4602"
"blues","AR2MSUY1187B9B4602"
"quiet storm","AR2NCM21187B991D45"
"rnb","AR2NCM21187B991D45"
"jazz","AR2NCM21187B991D45"
"american","AR2NCM21187B991D45"
"smooth jazz","AR2NCM21187B991D45"
"adult contemporary","AR2NCM21187B991D45"
"soul","AR2NCM21187B991D45"
"soul and reggae","AR2NCM21187B991D45"
"rock","AR2NICF1187B99F93B"
"american","AR2NICF1187B99F93B"
"indie rock","AR2NICF1187B99F93B"
"bristol","AR2NJG71187FB5203E"
"rock and indie","AR2NJG71187FB5203E"
"drum and bass","AR2NJG71187FB5203E"
"british","AR2NJG71187FB5203E"
"black metal","AR2NJNP1187B98E077"
"funeral doom","AR2NJNP1187B98E077"
"black doom metal","AR2NJNP1187B98E077"
"electronic","AR2NLBP1187B9A3A05"
"ebm","AR2NLBP1187B9A3A05"
"doom metal","AR2NNNS1187B9B7C6F"
"swedish","AR2NNNS1187B9B7C6F"
"metal","AR2NNNS1187B9B7C6F"
"heavy metal","AR2NNNS1187B9B7C6F"
"french","AR2O0GY1187B98D3F8"
"european","AR2O0GY1187B98D3F8"
"shoegazing","AR2O1PB1187B9B29EA"
"uk","AR2OECI1187FB4FC51"
"psychobilly","AR2OECI1187FB4FC51"
"rockabilly","AR2OECI1187FB4FC51"
"england","AR2OECI1187FB4FC51"
"medway","AR2OECI1187FB4FC51"
"swedish","AR2OUIF1187B99C60E"
"dark ambient","AR2OUIF1187B99C60E"
"metal","AR2PEEU1187FB48B5A"
"canadian","AR2PEEU1187FB48B5A"
"deathcore","AR2PEEU1187FB48B5A"
"metalcore","AR2PEEU1187FB48B5A"
"uk","AR2PHRL1187B9AFF56"
"english","AR2PHRL1187B9AFF56"
"british","AR2PHRL1187B9AFF56"
"cambridge","AR2PHRL1187B9AFF56"
"england","AR2PHRL1187B9AFF56"
"classic pop and rock","AR2PHRL1187B9AFF56"
"punk","AR2PHRL1187B9AFF56"
"hornchurch","AR2PN0V1187B9AF887"
"british","AR2PN0V1187B9AF887"
"dance and electronica","AR2PN0V1187B9AF887"
"finnish","AR2PSZR1187B9ABB27"
"rock and indie","AR2PVVF1187FB3F333"
"folk","AR2PXBU1187FB5BB30"
"dutch","AR2QYQT1187FB4E59C"
"pop folk","AR2R1BM1187FB3CF46"
"suédois","AR2RFZP1187FB4B33E"
"swedish","AR2RFZP1187FB4B33E"
"suède","AR2RFZP1187FB4B33E"
"scandinavia","AR2RFZP1187FB4B33E"
"scandinave","AR2RFZP1187FB4B33E"
"power pop","AR2RFZP1187FB4B33E"
"scandinavie","AR2RFZP1187FB4B33E"
"sweden","AR2RFZP1187FB4B33E"
"scandinavian","AR2RFZP1187FB4B33E"
"hungarian","AR2RUEX1187FB402BA"
"favorite argentinian","AR2S6UD1187B9B944F"
"hip hop","AR2S8BS1187B99571B"
"hip hop rnb and dance hall","AR2SGQW1187B9B9E7C"
"rnb","AR2SHU51187FB5CDC0"
"american","AR2SHU51187FB5CDC0"
"pop","AR2SHU51187FB5CDC0"
"dance-pop","AR2SHU51187FB5CDC0"
"urban","AR2SHU51187FB5CDC0"
"hip hop rnb and dance hall","AR2SHU51187FB5CDC0"
"ska","AR2SMD91187B9B0582"
"punk","AR2SMD91187B9B0582"
"american","AR2SMD91187B9B0582"
"hip hop rnb and dance hall","AR2SUR91187FB3BF3E"
"hebrew","AR2SZ2A1187FB5A5FF"
"manchester","AR2TC1M1187FB4C9EC"
"england","AR2TC1M1187FB4C9EC"
"uk","AR2TC1M1187FB4C9EC"
"punk","AR2TC1M1187FB4C9EC"
"mod","AR2TC1M1187FB4C9EC"
"classic pop and rock","AR2TH8U1187FB463A8"
"bachata","AR2TZAV1187B991516"
"rock and indie","AR2U0OZ1187FB37B41"
"uk","AR2U6Z81187B9A7BA6"
"welsh","AR2U6Z81187B9A7BA6"
"british","AR2U6Z81187B9A7BA6"
"wales mary hopkin","AR2U6Z81187B9A7BA6"
"country","AR2U9YY1187B9955A4"
"folk","AR2U9YY1187B9955A4"
"latvian","AR2UA211187FB3EFB1"
"eurovision","AR2UDJS1187B995FEF"
"irish","AR2UDJS1187B995FEF"
"classic pop and rock","AR2UE9U1187B9AD9DA"
"finnish","AR2UHZT1187FB5033D"
"classic pop and rock","AR2UQQ51187B9AC816"
"folk","AR2UQQ51187B9AC816"
"british","AR2UTLV1187FB59C94"
"uk","AR2UTLV1187FB59C94"
"blues rock","AR2UTLV1187FB59C94"
"psychedelic rock","AR2UTLV1187FB59C94"
"english","AR2UTLV1187FB59C94"
"rock","AR2UTLV1187FB59C94"
"britannique","AR2UTLV1187FB59C94"
"gospel","AR2UWUD1187B9B3B01"
"rnb","AR2UWUD1187B9B3B01"
"jazz","AR2UWUD1187B9B3B01"
"folk","AR2UWUD1187B9B3B01"
"soul","AR2UWUD1187B9B3B01"
"american","AR2UWUD1187B9B3B01"
"classic pop and rock","AR2UWUD1187B9B3B01"
"european","AR2VJL41187B98F372"
"electronic","AR2VJL41187B98F372"
"american","AR2VLIP1187B99F897"
"deathcore","AR2VLIP1187B99F897"
"metal","AR2VLIP1187B99F897"
"metalcore","AR2VLIP1187B99F897"
"melodic death metal","AR2VLIP1187B99F897"
"arabic","AR2VZ8Z1187FB58719"
"british","AR2W4T81187FB410A7"
"psychedelic rock","AR2W4T81187FB410A7"
"hard rock","AR2W4T81187FB410A7"
"rock","AR2W4T81187FB410A7"
"progressive rock","AR2W4T81187FB410A7"
"blues rock","AR2W4T81187FB410A7"
"uk","AR2W4T81187FB410A7"
"english","AR2W4T81187FB410A7"
"soft rock","AR2W4T81187FB410A7"
"classic pop and rock","AR2W4T81187FB410A7"
"ska","AR2W94J1187B9B5C2C"
"soul and reggae","AR2WF5T1187FB44C69"
"classic pop and rock","AR2WI8W1187FB390BA"
"finnish","AR2WOFC1187FB38977"
"scottish","AR2WOOQ1187B98E303"
"british","AR2WOOQ1187B98E303"
"alternative rock","AR2WOOQ1187B98E303"
"uk","AR2WOOQ1187B98E303"
"indie rock","AR2WOOQ1187B98E303"
"rock and indie","AR2WOOQ1187B98E303"
"rock","AR2WOOQ1187B98E303"
"rock and indie","AR2WR171187FB35FDE"
"swiss","AR2X4TI1187B9A7509"
"folk","AR2X68N1187B98D987"
"french","AR2X7JU1187FB3DCBC"
"folk","AR2XBPG1187B98FCBE"
"irish folk","AR2XBPG1187B98FCBE"
"irish","AR2XBPG1187B98FCBE"
"the best","AR2XBPG1187B98FCBE"
"frankfurt","AR2XFZ31187FB5C0ED"
"german","AR2XFZ31187FB5C0ED"
"hip hop rnb and dance hall","AR2XI6G1187B9AE7DA"
"male vocalists","AR2XILQ1187FB3AA83"
"70s","AR2XILQ1187FB3AA83"
"rock","AR2XILQ1187FB3AA83"
"experimental","AR2XILQ1187FB3AA83"
"pop","AR2XILQ1187FB3AA83"
"british","AR2XILQ1187FB3AA83"
"80s","AR2XILQ1187FB3AA83"
"american","AR2XIO61187B997B3C"
"asian","AR2XIR11187FB36A5F"
"pakistani","AR2XIR11187FB36A5F"
"production music","AR2XY3N1187B98F8FE"
"hip hop rnb and dance hall","AR2Y6MN1187B9B47A5"
"vibraphone","AR2YY1B1187FB41C7C"
"jazz","AR2YY1B1187FB41C7C"
"marimba","AR2YY1B1187FB41C7C"
"latin","AR2YZ0T1187FB3DB93"
"grupero","AR2YZ0T1187FB3DB93"
"downtempo","AR2Z6PL1187FB43B79"
"electronica","AR2Z6PL1187FB43B79"
"production music","AR2ZB211187B9A3B84"
"ska","AR2ZHQR1187B9A5566"
"espagne","AR2ZHQR1187B9A5566"
"ska punk","AR2ZHQR1187B9A5566"
"spanish","AR2ZHQR1187B9A5566"
"spain","AR2ZHQR1187B9A5566"
"espagnol","AR2ZHQR1187B9A5566"
"folk","AR2ZNXL1187B9B87A1"
"dutch","AR2ZO4W1187FB4193E"
"nl","AR2ZO4W1187FB4193E"
"american","AR2ZPMX1187FB4E4B6"
"usa","AR2ZPMX1187FB4E4B6"
"indie rock","AR2ZPMX1187FB4E4B6"
"rock and indie","AR2ZPMX1187FB4E4B6"
"afrobeat","AR2ZPMX1187FB4E4B6"
"indie","AR2ZPMX1187FB4E4B6"
"rock","AR2ZPMX1187FB4E4B6"
"united states","AR2ZPMX1187FB4E4B6"
"compositeur","AR2ZPMX1187FB4E4B6"
"américain","AR2ZPMX1187FB4E4B6"
"composer","AR2ZPMX1187FB4E4B6"
"world","AR2ZQON1187B989B16"
"danish","AR2ZXD41187B9AED48"
"electronic","AR2ZXD41187B9AED48"
"electro-industrial","AR2ZXD41187B9AED48"
"lgbt","AR2ZXD41187B9AED48"
"bronius bagackas","AR2ZZK61187FB40C58"
"post-rock","AR301421187FB3F478"
"death metal","AR3031H1187B98D125"
"american","AR3031H1187B98D125"
"metal","AR3031H1187B98D125"
"swedish","AR30EQX1187B999182"
"uk","AR30G4B1187B9AFF0C"
"british","AR30G4B1187B9AFF0C"
"english","AR30G4B1187B9AFF0C"
"soul and reggae","AR30R5E1187B9AD78A"
"jazz","AR30W6W1187FB5B46F"
"electronic","AR31BSK1187B9A1CCF"
"american","AR31BSK1187B9A1CCF"
"american","AR31EL21187B98A723"
"rock and indie","AR31EL21187B98A723"
"jamaican","AR31J2U1187FB562EE"
"british","AR31JBY1187FB377A1"
"uk","AR31JBY1187FB377A1"
"classic pop and rock","AR31JBY1187FB377A1"
"synth pop","AR31JBY1187FB377A1"
"rock and indie","AR31LL21187FB4D84E"
"polski","AR31PIQ1187FB38817"
"polish","AR31PIQ1187FB38817"
"goralskie","AR31PIQ1187FB38817"
"goral","AR31PIQ1187FB38817"
"folk-rock","AR31PIQ1187FB38817"
"folk","AR31PIQ1187FB38817"
"rock","AR31PIQ1187FB38817"
"alternative","AR31PIQ1187FB38817"
"german","AR31RRX1187B9B5CAF"
"hip hop rnb and dance hall","AR31Y6Y1187B99A541"
"martial industrial","AR32O4I1187FB4B996"
"apocalyptic folk","AR32O4I1187FB4B996"
"neofolk","AR32O4I1187FB4B996"
"uk","AR32RXI1187B9BA168"
"northern irish","AR32RXI1187B9BA168"
"northern ireland","AR32RXI1187B9BA168"
"punk","AR32RXI1187B9BA168"
"derry","AR32RXI1187B9BA168"
"classic pop and rock","AR32RXI1187B9BA168"
"punk","AR32XX71187B992BE9"
"braunschweig","AR32XX71187B992BE9"
"germany","AR32XX71187B992BE9"
"german","AR32XX71187B992BE9"
"german","AR32YPY1187B9B1B5C"
"progressive rock","AR336PG1187FB3DC6E"
"uk","AR336PG1187FB3DC6E"
"british","AR336PG1187FB3DC6E"
"english","AR336PG1187FB3DC6E"
"rock and indie","AR336PG1187FB3DC6E"
"big band","AR33JQI1187B9ADC2A"
"american","AR33JQI1187B9ADC2A"
"pop","AR33JQI1187B9ADC2A"
"easy listening soundtracks and musicals","AR33JQI1187B9ADC2A"
"classic pop and rock","AR33KSV1187FB4B900"
"qi-western releases","AR33NJ21187B9AC3D9"
"uk","AR33SAC1187B99E756"
"4ad","AR33SAC1187B99E756"
"british","AR33SAC1187B99E756"
"english","AR33SAC1187B99E756"
"classical","AR342K51187B98B571"
"french","AR342K51187B98B571"
"european","AR342K51187B98B571"
"folk","AR34BO71187B9AD988"
"indian classical","AR34E0O1187B9A45AC"
"indian","AR34E0O1187B9A45AC"
"soundtrack","AR34E0O1187B9A45AC"
"rock","AR34XEI1187FB4BE06"
"canadian","AR34XEI1187FB4BE06"
"basque","AR35DZG1187B999464"
"classic pop and rock","AR35E9F1187B9B4877"
"folk","AR35E9F1187B9B4877"
"uk","AR35YUO1187B9AD83E"
"scottish","AR35YUO1187B9AD83E"
"british","AR35YUO1187B9AD83E"
"classic pop and rock","AR35YUO1187B9AD83E"
"indie rock","AR35ZOY1187B98C79D"
"rock","AR35ZOY1187B98C79D"
"scottish","AR35ZOY1187B98C79D"
"british","AR35ZOY1187B98C79D"
"pop","AR35ZOY1187B98C79D"
"alternative rock","AR35ZOY1187B98C79D"
"post-punk revival","AR35ZOY1187B98C79D"
"pop and chart","AR35ZOY1187B98C79D"
"uk","AR35ZOY1187B98C79D"
"uk","AR35ZU21187B9B65FC"
"scottish","AR35ZU21187B9B65FC"
"british","AR35ZU21187B9B65FC"
"folk","AR3605O1187FB4D0AE"
"punk","AR366961187B9B30A5"
"usa","AR366961187B9B30A5"
"washington dc","AR366961187B9B30A5"
"american","AR36IP11187B9A2F36"
"futurepop","AR36IP11187B9A2F36"
"electronic","AR36IP11187B9A2F36"
"electro-industrial","AR36IP11187B9A2F36"
"london","AR36ITB1187B9A636D"
"british","AR36ITB1187B9A636D"
"dance and electronica","AR36ITB1187B9A636D"
"alternative rock","AR372T61187FB3A5AD"
"rock","AR372T61187FB3A5AD"
"australian","AR372T61187FB3A5AD"
"south carolina","AR374SZ1187B994BA0"
"columbia","AR374SZ1187B994BA0"
"boston","AR3752L1187FB4B67E"
"punk","AR3752L1187FB4B67E"
"usa","AR3752L1187FB4B67E"
"rock","AR3793X1187FB50CB3"
"blues","AR3793X1187FB50CB3"
"british","AR3793X1187FB50CB3"
"classic pop and rock","AR3793X1187FB50CB3"
"rock blues","AR3793X1187FB50CB3"
"english","AR37ILI1187B98E27B"
"classic pop and rock","AR37ILI1187B98E27B"
"blues","AR37K6O1187B9AD049"
"hip hop","AR37QVQ1187FB4E011"
"bassist","AR37SX11187FB3E164"
"jazz","AR37SX11187FB3E164"
"american","AR37SX11187FB3E164"
"classic pop and rock","AR37XMN1187B9AC408"
"hard rock","AR383YE1187B9AC00C"
"blues rock","AR383YE1187B9AC00C"
"deep purple family","AR383YE1187B9AC00C"
"uk","AR383YE1187B9AC00C"
"british","AR383YE1187B9AC00C"
"english","AR383YE1187B9AC00C"
"folk","AR38A0J1187FB39BE8"
"folk","AR38CXV1187FB4DAA0"
"jazz and blues","AR38G591187B98E5AC"
"british","AR38NWX1187B9915B8"
"folk","AR390AM1187FB5B1B0"
"american","AR392MV1187FB3C3FE"
"pop","AR392MV1187FB3C3FE"
"new wave","AR3962I1187FB3DE9B"
"classic pop and rock","AR3962I1187FB3DE9B"
"punk","AR39EIS1187B98D412"
"canada","AR39EIS1187B98D412"
"classic pop and rock","AR39HYB1187FB56A08"
"french","AR39ICE1187B98DF62"
"scotland","AR39QZK1187B9B1846"
"uk","AR39QZK1187B9B1846"
"punk","AR39QZK1187B9B1846"
"edinburgh","AR39QZK1187B9B1846"
"american","AR3AIEI1187B992D8D"
"opera","AR3AIEI1187B992D8D"
"mezzo-soprano","AR3AIEI1187B992D8D"
"classic pop and rock","AR3AL881187FB44B52"
"rock","AR3ARXC1187B999DD0"
"funk","AR3ARXC1187B999DD0"
"p-funk","AR3ARXC1187B999DD0"
"norwegian","AR3B4IC1187B98C8B6"
"heavy metal","AR3B7K91187B98C62E"
"thrash metal","AR3B7K91187B98C62E"
"speed metal","AR3B7K91187B98C62E"
"american","AR3B7K91187B98C62E"
"metal","AR3B7K91187B98C62E"
"american heavy metal","AR3B7K91187B98C62E"
"rock and indie","AR3BAPB1187FB3DD5E"
"uk","AR3BS8T1187FB4CD64"
"british","AR3BS8T1187FB4CD64"
"english","AR3BS8T1187FB4CD64"
"french","AR3C2RJ1187B99D907"
"madison","AR3C9UE1187B98D5B8"
"punk","AR3C9UE1187B98D5B8"
"usa","AR3C9UE1187B98D5B8"
"rap","AR3CQ2D1187B9B1953"
"folk","AR3CTQW1187FB37398"
"dj","AR3CW5D1187B991530"
"hardcore","AR3CW5D1187B991530"
"freeform","AR3CW5D1187B991530"
"uk","AR3CW5D1187B991530"
"happy hardcore","AR3CW5D1187B991530"
"industrial metal","AR3CYAU1187FB54C44"
"swedish","AR3CYAU1187FB54C44"
"norvégien","AR3CZP01187FB476CA"
"norway","AR3CZP01187FB476CA"
"norvège","AR3CZP01187FB476CA"
"norwegian","AR3CZP01187FB476CA"
"scandinavia","AR3CZP01187FB476CA"
"scandinave","AR3CZP01187FB476CA"
"scandinavie","AR3CZP01187FB476CA"
"pop","AR3CZP01187FB476CA"
"scandinavian","AR3CZP01187FB476CA"
"electronic","AR3DAT71187FB40CCB"
"british","AR3DAT71187FB40CCB"
"english","AR3DAT71187FB40CCB"
"experimental","AR3DAT71187FB40CCB"
"uk","AR3DAT71187FB40CCB"
"thrash metal","AR3DDK21187FB5C401"
"american","AR3DDK21187FB5C401"
"metal","AR3DDK21187FB5C401"
"country","AR3DLBB1187B98F3DF"
"american","AR3DLBB1187B98F3DF"
"rock and indie","AR3DQCQ1187B99B470"
"hingham","AR3DRZ71187B991073"
"massachusetts","AR3DRZ71187B991073"
"usa","AR3DRZ71187B991073"
"punk","AR3DRZ71187B991073"
"rock","AR3DXTG1187FB38776"
"british","AR3DXTG1187FB38776"
"uk","AR3DXTG1187FB38776"
"alternative","AR3DXTG1187FB38776"
"pop","AR3DXTG1187FB38776"
"england","AR3DXTG1187FB38776"
"english","AR3DXTG1187FB38776"
"pop rock","AR3DXTG1187FB38776"
"folk","AR3DXTG1187FB38776"
"90s","AR3DXTG1187FB38776"
"singer songwriters","AR3DXTG1187FB38776"
"soulful","AR3DXTG1187FB38776"
"70s","AR3DXTG1187FB38776"
"female vocalists","AR3DXTG1187FB38776"
"80s","AR3DXTG1187FB38776"
"producer","AR3DXTG1187FB38776"
"rock and indie","AR3DXTG1187FB38776"
"alternative rock","AR3DXTG1187FB38776"
"art rock","AR3DXTG1187FB38776"
"kent","AR3DXTG1187FB38776"
"folk","AR3DYAD1187FB3964E"
"country","AR3DYAD1187FB3964E"
"classical","AR3DYAD1187FB3964E"
"jazz","AR3DYAD1187FB3964E"
"american","AR3DYAD1187FB3964E"
"classic pop and rock","AR3E4IO1187FB4B837"
"hungarian","AR3E6KM1187B9AA9B9"
"uk","AR3E8CU1187B9B1677"
"ipswich","AR3E8CU1187B9B1677"
"punk","AR3E8CU1187B9B1677"
"england","AR3E8CU1187B9B1677"
"the netherlands","AR3EAHS1187B989C61"
"rock and indie","AR3EPSZ1187B997170"
"alternative rock","AR3EPSZ1187B997170"
"rock","AR3EPSZ1187B997170"
"american","AR3EPSZ1187B997170"
"punk rock","AR3EPSZ1187B997170"
"indie rock","AR3EPSZ1187B997170"
"punk","AR3EPSZ1187B997170"
"american","AR3ETJY1187B98ED15"
"classic pop and rock","AR3EUYM1187B9B584E"
"country","AR3FBD81187B98A9A2"
"hip hop rnb and dance hall","AR3FE581187FB3F90A"
"french","AR3FJ6H1187FB39E71"
"jazz manouche","AR3FJ6H1187FB39E71"
"jazz","AR3FJ6H1187FB39E71"
"folk","AR3FJZI1187FB52FD2"
"sanborn","AR3FKJ61187B990357"
"british","AR3FST51187B9B79CB"
"uk","AR3FZFJ1187FB3BF0A"
"british","AR3FZFJ1187FB3BF0A"
"english","AR3FZFJ1187FB3BF0A"
"classic pop and rock","AR3FZFJ1187FB3BF0A"
"american","AR3G8V71187FB3A377"
"rock and indie","AR3G8V71187FB3A377"
"new york","AR3GAWW1187B9AD462"
"alternative","AR3GAWW1187B9AD462"
"usa","AR3GAWW1187B9AD462"
"alternative rock","AR3GAWW1187B9AD462"
"no wave","AR3GAWW1187B9AD462"
"post-punk","AR3GAWW1187B9AD462"
"rock","AR3GAWW1187B9AD462"
"punk rock","AR3GAWW1187B9AD462"
"noise rock","AR3GAWW1187B9AD462"
"experimental rock","AR3GAWW1187B9AD462"
"american","AR3GAWW1187B9AD462"
"classic pop and rock","AR3GAWW1187B9AD462"
"folk","AR3GE071187B9A6D71"
"uk","AR3GE8O1187FB3F9A2"
"british","AR3GE8O1187FB3F9A2"
"english","AR3GE8O1187FB3F9A2"
"classic pop and rock","AR3GK2J1187B9916C8"
"pop","AR3GNXL1187B99EB74"
"swiss","AR3GNXL1187B99EB74"
"rock and indie","AR3GWVU1187FB3A9A2"
"rock and indie","AR3GZLR1187FB3D817"
"scottish","AR3GZLR1187FB3D817"
"french","AR3HS9C1187FB48878"
"electronic","AR3HS9C1187FB48878"
"electro","AR3HS9C1187FB48878"
"european","AR3HS9C1187FB48878"
"vocoder","AR3HS9C1187FB48878"
"world","AR3I1EK1187B99E724"
"irish","AR3I3171187FB4DA72"
"pop and chart","AR3I3171187FB4DA72"
"uk","AR3I3DD1187B98F049"
"english","AR3I3DD1187B98F049"
"british","AR3I3DD1187B98F049"
"hip hop rnb and dance hall","AR3I3DD1187B98F049"
"hip-hop","AR3I3DD1187B98F049"
"jazz and blues","AR3I5C81187B9AD1F9"
"jazz","AR3I5C81187B9AD1F9"
"post hardcore","AR3I6YW1187B990DAA"
"indie","AR3I6YW1187B990DAA"
"alternative","AR3I6YW1187B990DAA"
"american","AR3I6YW1187B990DAA"
"indie","AR3IHGQ1187FB4C745"
"rock","AR3IHGQ1187FB4C745"
"rock and indie","AR3IHGQ1187FB4C745"
"swedish","AR3IHGQ1187FB4C745"
"norwegian","AR3IQ111187FB42739"
"french","AR3J4WZ1187B9B17ED"
"eurovision","AR3J4WZ1187B9B17ED"
"yé-yé","AR3J4WZ1187B9B17ED"
"pop","AR3J4WZ1187B9B17ED"
"guitarist","AR3JJGQ1187FB410B5"
"guitariste","AR3JJGQ1187FB410B5"
"dutch","AR3JKEM1187FB54CEC"
"american","AR3JMC51187B9AE49D"
"pop","AR3JMC51187B9AE49D"
"boy band","AR3JMC51187B9AE49D"
"boy group","AR3JMC51187B9AE49D"
"pop and chart","AR3JMC51187B9AE49D"
"hip hop rnb and dance hall","AR3JN3T1187B9B031D"
"uk","AR3JN3T1187B9B031D"
"producer","AR3JN3T1187B9B031D"
"london","AR3JN3T1187B9B031D"
"hip-hop","AR3JN3T1187B9B031D"
"grime","AR3JN3T1187B9B031D"
"british","AR3JN3T1187B9B031D"
"english","AR3JN3T1187B9B031D"
"rock and indie","AR3JO771187FB5BE08"
"rock and indie","AR3JRT61187FB4F489"
"british","AR3JWN91187FB38C2C"
"rock and indie","AR3K1T51187FB4042A"
"punk","AR3K9LH1187B993651"
"american","AR3KGPQ1187FB53C84"
"los angeles","AR3KGPQ1187FB53C84"
"rock and indie","AR3KGPQ1187FB53C84"
"grunge","AR3KGPQ1187FB53C84"
"crossover","AR3KLV21187FB45CEA"
"nu-metal","AR3KLV21187FB45CEA"
"rap-metal","AR3KLV21187FB45CEA"
"rapcore","AR3KLV21187FB45CEA"
"rock and indie","AR3KUCG1187B9A0BEA"
"idm","AR3LA671187FB567E4"
"electronica","AR3LA671187FB567E4"
"australian","AR3LA671187FB567E4"
"electronic","AR3LA671187FB567E4"
"electro-jazz","AR3LA671187FB567E4"
"dance and electronica","AR3LBRT1187B9B5BC7"
"actor","AR3M6F51187B9B8AD3"
"german","AR3M6ZZ1187B9B1EC0"
"british","AR3MMZH1187B9B55D0"
"uk","AR3MMZH1187B9B55D0"
"english","AR3MMZH1187B9B55D0"
"boy band","AR3MMZH1187B9B55D0"
"boy group","AR3MMZH1187B9B55D0"
"pop and chart","AR3MMZH1187B9B55D0"
"hip hop rnb and dance hall","AR3MPWA1187B9A68E3"
"funk","AR3MSAN1187B98F06B"
"southern hip-hop","AR3MSAN1187B98F06B"
"experimental","AR3MSAN1187B98F06B"
"alternative hip-hop","AR3MSAN1187B98F06B"
"hip hop rnb and dance hall","AR3MSAN1187B98F06B"
"hip-hop","AR3MSAN1187B98F06B"
"american","AR3MSAN1187B98F06B"
"pop and chart","AR3N728119B340367A"
"techno","AR3NJNQ1187FB3BF84"
"post-punk","AR3NJNQ1187FB3BF84"
"acid house","AR3NJNQ1187FB3BF84"
"performance art","AR3NJNQ1187FB3BF84"
"experimental","AR3NJNQ1187FB3BF84"
"electronic","AR3NJNQ1187FB3BF84"
"post-industrial","AR3NJNQ1187FB3BF84"
"british","AR3NJNQ1187FB3BF84"
"french","AR3NO6O1187B9B0DCE"
"uk","AR3NPVS1187FB5108F"
"british","AR3NPVS1187FB5108F"
"english","AR3NPVS1187FB5108F"
"dance and electronica","AR3NPVS1187FB5108F"
"reggae","AR3NZDQ1187FB3A628"
"soul","AR3NZDQ1187FB3A628"
"speed metal","AR3O92O1187B9A0791"
"thrash metal","AR3O92O1187B9A0791"
"american","AR3O92O1187B9A0791"
"greek","AR3O9LP1187FB37935"
"australia","AR3O9M61187FB3F181"
"downtempo","AR3OFYJ1187FB41167"
"electronic","AR3OFYJ1187FB41167"
"hiphop","AR3OFYJ1187FB41167"
"warp","AR3OFYJ1187FB41167"
"hip hop rnb and dance hall","AR3OFYJ1187FB41167"
"beatgen","AR3OFYJ1187FB41167"
"chinese","AR3OJOL1187FB51D5B"
"mandarin","AR3OJOL1187FB51D5B"
"hip hop rnb and dance hall","AR3OWYG1187FB5B17C"
"mc","AR3OWYG1187FB5B17C"
"grime","AR3OWYG1187FB5B17C"
"pop","AR3OWYG1187FB5B17C"
"classic pop and rock","AR3OXPU1187B993200"
"space rock","AR3OXSV1187B9A75B2"
"heavy metal","AR3OXSV1187B9A75B2"
"fuzz rock","AR3OXSV1187B9A75B2"
"hard rock","AR3OXSV1187B9A75B2"
"stoner rock","AR3OXSV1187B9A75B2"
"metal","AR3OXSV1187B9A75B2"
"stoner metal","AR3OXSV1187B9A75B2"
"jazz and blues","AR3OXY81187FB47D59"
"uk","AR3P1NA1187FB44B9E"
"british","AR3P1NA1187FB44B9E"
"english","AR3P1NA1187FB44B9E"
"dance and electronica","AR3P1NA1187FB44B9E"
"birmingham","AR3PCSB1187FB5175C"
"british","AR3PCSB1187FB5175C"
"finnish","AR3PEIM1187FB3F299"
"uk","AR3PEMB1187FB4D01A"
"british","AR3PEMB1187FB4D01A"
"english","AR3PEMB1187FB4D01A"
"rock and indie","AR3PEMB1187FB4D01A"
"rock and indie","AR3PHEH1187FB4CE4D"
"classic pop and rock","AR3PN3R1187FB4CEBD"
"jazz","AR3PPRH1187B99FCDD"
"american","AR3PPRH1187B99FCDD"
"dance and electronica","AR3PPVO1187FB42A66"
"finnish","AR3PTSL1187FB5912E"
"french","AR3PVQL1187FB50F14"
"european","AR3PVQL1187FB50F14"
"french touch","AR3PVQL1187FB50F14"
"house","AR3PVQL1187FB50F14"
"french house","AR3PVQL1187FB50F14"
"rock and indie","AR3PVQL1187FB50F14"
"sweet and wonderful","AR3Q2NM1187B9A7B52"
"american","AR3Q3O01187B9AC776"
"broadway composer","AR3Q3O01187B9AC776"
"musical theater","AR3Q3O01187B9AC776"
"classical","AR3Q3O01187B9AC776"
"opera","AR3Q3O01187B9AC776"
"soundtrack","AR3Q3O01187B9AC776"
"rock and indie","AR3Q48J1187FB55278"
"uk","AR3Q7431187B9B30D9"
"4ad","AR3Q7431187B9B30D9"
"british","AR3Q7431187B9B30D9"
"english","AR3Q7431187B9B30D9"
"dance and electronica","AR3Q7431187B9B30D9"
"new age","AR3Q86S1187B9ADDCF"
"ethnic electronica","AR3Q86S1187B9ADDCF"
"ambient","AR3Q86S1187B9ADDCF"
"world","AR3Q86S1187B9ADDCF"
"electronic","AR3Q86S1187B9ADDCF"
"méxico","AR3QM7J1187FB43F7E"
"español","AR3QM7J1187FB43F7E"
"alternative rock","AR3QM7J1187FB43F7E"
"rock","AR3QM7J1187FB43F7E"
"latin","AR3QM7J1187FB43F7E"
"french","AR3QRJ91187B98E4C2"
"european","AR3QRJ91187B98E4C2"
"rock and indie","AR3QRJ91187B98E4C2"
"hip hop","AR3QS2R1187B9953C7"
"electronic","AR3R4241187B9B5EFB"
"british","AR3R4241187B9B5EFB"
"uk","AR3R4241187B9B5EFB"
"10s","AR3R4241187B9B5EFB"
"00s","AR3R4241187B9B5EFB"
"english","AR3R4241187B9B5EFB"
"female vocalists","AR3R4241187B9B5EFB"
"electroclash","AR3R4241187B9B5EFB"
"pop and chart","AR3R47O1187B9A3ED9"
"country","AR3R83L1187B9B01B0"
"folk","AR3R83L1187B9B01B0"
"british","AR3RL951187B9B8F76"
"classic pop and rock","AR3RM471187B999A35"
"afrobeat","AR3RM471187B999A35"
"south african","AR3RM471187B999A35"
"jazz","AR3RM471187B999A35"
"hip hop","AR3RMO51187B994B41"
"uk","AR3RPLL1187B9B2301"
"northern irish","AR3RPLL1187B9B2301"
"punk","AR3RPLL1187B9B2301"
"northern ireland","AR3RPLL1187B9B2301"
"rock and indie","AR3RPLL1187B9B2301"
"classical","AR3S3WU1187FB37BCD"
"french","AR3S3WU1187FB37BCD"
"opera","AR3S3WU1187FB37BCD"
"european","AR3S3WU1187FB37BCD"
"composer","AR3S3WU1187FB37BCD"
"production music","AR3S3WU1187FB37BCD"
"classic pop and rock","AR3S4VN1187B9A1B30"
"folk","AR3S4VN1187B9A1B30"
"australian","AR3SDNY1187B991573"
"rock","AR3SDNY1187B991573"
"indie rock","AR3SDNY1187B991573"
"spanish","AR3SPD91187B9B63E3"
"rock","AR3SPD91187B9B63E3"
"punk","AR3SW861187B9A8A4F"
"france","AR3SW861187B9A8A4F"
"european","AR3SYA11187FB4EF76"
"german","AR3SYA11187FB4EF76"
"dance and electronica","AR3SYA11187FB4EF76"
"downtempo","AR3SYA11187FB4EF76"
"idm","AR3SYA11187FB4EF76"
"shoegaze","AR3SYA11187FB4EF76"
"ambient","AR3SYA11187FB4EF76"
"chill out","AR3SYA11187FB4EF76"
"shoegazing","AR3SYA11187FB4EF76"
"heavy metal","AR3T4DT1187B9A00AF"
"industrial rock","AR3T4DT1187B9A00AF"
"new zealand","AR3T4DT1187B9A00AF"
"rock","AR3T4DT1187B9A00AF"
"metal","AR3T4DT1187B9A00AF"
"digital hardcore","AR3TG3X1187FB4D577"
"german","AR3TG3X1187FB4D577"
"hardcore punk","AR3TG3X1187FB4D577"
"gabber","AR3TG3X1187FB4D577"
"industrial","AR3TG3X1187FB4D577"
"breakcore","AR3TG3X1187FB4D577"
"electropunk","AR3TG3X1187FB4D577"
"european","AR3TG3X1187FB4D577"
"punk","AR3TG3X1187FB4D577"
"germany","AR3TG3X1187FB4D577"
"berlin","AR3TG3X1187FB4D577"
"electro","AR3TG3X1187FB4D577"
"hardcore techno","AR3TG3X1187FB4D577"
"melodic rock","AR3TG9F1187B98E0D3"
"hard rock","AR3TG9F1187B98E0D3"
"art rock","AR3TG9F1187B98E0D3"
"rock","AR3TG9F1187B98E0D3"
"british","AR3TG9F1187B98E0D3"
"progressive rock","AR3TG9F1187B98E0D3"
"brazilian","AR3THYK1187B999F1F"
"south american","AR3THYK1187B999F1F"
"brazilian classics player","AR3THYK1187B999F1F"
"hip hop rnb and dance hall","AR3TITY1187B99E790"
"european","AR3TR4H1187FB5C344"
"dutch","AR3TR4H1187FB5C344"
"classic pop and rock","AR3TRNJ1187B9AE8AB"
"eurovision","AR3TRNJ1187B9AE8AB"
"british","AR3TRNJ1187B9AE8AB"
"punk","AR3TRZG1187FB3AEA1"
"usa","AR3TRZG1187FB3AEA1"
"easy listening soundtracks and musicals","AR3TZ691187FB3DBB1"
"uk","AR3TZAS1187B99F8D8"
"british","AR3TZAS1187B99F8D8"
"english","AR3TZAS1187B99F8D8"
"american","AR3TZAS1187B99F8D8"
"pop and chart","AR3TZAS1187B99F8D8"
"german","AR3U4FK1187B9B225A"
"punk","AR3U9B41187FB3B1A9"
"usa","AR3U9B41187FB3B1A9"
"contemporary christian","AR3USQW1187FB4A90D"
"ccm","AR3USQW1187FB4A90D"
"gospel","AR3USQW1187FB4A90D"
"classical","AR3UTZD1187B98B1EC"
"classic pop and rock","AR3UY051187B9A922A"
"uk","AR3V4DD1187B98ABCE"
"punk","AR3V4DD1187B98ABCE"
"oxford","AR3V4DD1187B98ABCE"
"england","AR3V4DD1187B98ABCE"
"anarcho","AR3V4DD1187B98ABCE"
"anarcho-punk","AR3V4DD1187B98ABCE"
"english","AR3V4DD1187B98ABCE"
"uk","AR3V8ZM1187FB4CFA5"
"british","AR3V8ZM1187FB4CFA5"
"english","AR3V8ZM1187FB4CFA5"
"rock and indie","AR3V8ZM1187FB4CFA5"
"tru skool","AR3V8ZM1187FB4CFA5"
"manchester","AR3V8ZM1187FB4CFA5"
"dance music","AR3V8ZM1187FB4CFA5"
"28 gun bad boy","AR3V8ZM1187FB4CFA5"
"black secret technology","AR3V8ZM1187FB4CFA5"
"club","AR3V8ZM1187FB4CFA5"
"experimental","AR3V8ZM1187FB4CFA5"
"electronic","AR3V8ZM1187FB4CFA5"
"rock and indie","AR3V9LF1187FB4C56D"
"classic pop and rock","AR3VG701187FB4DF75"
"finnish","AR3VSW71187FB3C5C7"
"alternative metal","AR3VSW71187FB3C5C7"
"pop and chart","AR3VUBA1187FB511AC"
"alternative rock","AR3WLE91187B99430A"
"alternative metal","AR3WLE91187B99430A"
"hard rock","AR3WLE91187B99430A"
"rock","AR3WLE91187B99430A"
"post-grunge","AR3WLE91187B99430A"
"metal","AR3WLE91187B99430A"
"american","AR3WLE91187B99430A"
"mexican","AR3WMR91187B99005C"
"hip-hop","AR3WMR91187B99005C"
"pop rock","AR3WWZM1187B996646"
"rock","AR3WWZM1187B996646"
"swedish","AR3WWZM1187B996646"
"uk","AR3WY7O1187FB3B10F"
"punk","AR3WY7O1187FB3B10F"
"sheffield","AR3WY7O1187FB3B10F"
"england","AR3WY7O1187FB3B10F"
"riot grrrl","AR3WYZ21187B9B4F3F"
"rock","AR3WYZ21187B9B4F3F"
"punk rock","AR3WYZ21187B9B4F3F"
"american","AR3WYZ21187B9B4F3F"
"punk","AR3WYZ21187B9B4F3F"
"usa","AR3WYZ21187B9B4F3F"
"folk","AR3X0CW1187B98F1C3"
"british","AR3X8JR1187FB35F1A"
"alternative","AR3XDC61187B994315"
"usa","AR3XDC61187B994315"
"argentina","AR3XEVJ1187B9B972B"
"español","AR3XEVJ1187B9B972B"
"folk","AR3XGYE1187FB463F4"
"french","AR3XVPZ1187FB4C0FF"
"alternative rock","AR3XW291187B990A61"
"rock","AR3XW291187B990A61"
"american","AR3XW291187B990A61"
"classical","AR3YA6F1187FB55106"
"cantonese","AR3YA6F1187FB55106"
"hong kong","AR3YA6F1187FB55106"
"actress","AR3YA6F1187FB55106"
"chinese","AR3YA6F1187FB55106"
"belgian","AR3YCSH1187FB3CEDC"
"european","AR3YCSH1187FB3CEDC"
"euro house","AR3YCSH1187FB3CEDC"
"hip hop rnb and dance hall","AR3YOII119B86678C9"
"production music","AR3YOII119B86678C9"
"european","AR3YPUN1187B9B3089"
"swedish","AR3YPUN1187B9B3089"
"american","AR3YQ1V1187B98E163"
"funk","AR3Z9SK1187B9928E0"
"rnb","AR3Z9SK1187B9928E0"
"american","AR3Z9SK1187B9928E0"
"hip hop rnb and dance hall","AR3Z9SK1187B9928E0"
"hip hop rnb and dance hall","AR3Z9WY1187FB4CDC2"
"hip hop","AR3Z9WY1187FB4CDC2"
"quebec","AR3ZARK1187FB4CC5E"
"canada","AR3ZARK1187FB4CC5E"
"uk","AR3ZFPV1187FB368C7"
"british","AR3ZFPV1187FB368C7"
"english","AR3ZFPV1187FB368C7"
"folk","AR3ZGUC1187FB57721"
"folk","AR3ZK2U1187FB4B317"
"heidelberg","AR3ZL6A1187B995B37"
"jazz","AR3ZL6A1187B995B37"
"electronic","AR3ZL6A1187B995B37"
"german","AR3ZL6A1187B995B37"
"folk","AR3ZQLW1187B992D15"
"danish","AR3ZV061187FB3C821"
"spanish","AR3ZYST1187B9B0707"
"european","AR3ZYST1187B9B0707"
"tenor","AR3ZYST1187B9B0707"
"british","AR4023U1187B9B3571"
"english","AR4023U1187B9B3571"
"classical","AR4023U1187B9B3571"
"soundtrack","AR4023U1187B9B3571"
"soundtrack composer","AR4023U1187B9B3571"
"uk","AR4023U1187B9B3571"
"production music","AR4023U1187B9B3571"
"rock","AR40GSU1187FB3AA01"
"pop","AR40GSU1187FB3AA01"
"american","AR40GSU1187FB3AA01"
"classic pop and rock","AR40GSU1187FB3AA01"
"classic pop and rock","AR40GVR1187B9B6C87"
"del shannon greatest hits","AR40GVR1187B9B6C87"
"american","AR40J801187FB36D4D"
"thrash metal","AR40WPP1187FB4CF29"
"american","AR40WPP1187FB4CF29"
"progressive metal","AR40WPP1187FB4CF29"
"metal","AR40WPP1187FB4CF29"
"ambient","AR4111G1187B9B58AB"
"ambient","AR414I51187B99D330"
"british","AR414I51187B99D330"
"uk","AR414I51187B99D330"
"ambient house","AR414I51187B99D330"
"dance and electronica","AR414I51187B99D330"
"electronica","AR414I51187B99D330"
"english","AR414I51187B99D330"
"chill out","AR414I51187B99D330"
"ambient techno","AR414I51187B99D330"
"4ad","AR41HI11187B98F65A"
"classic pop and rock","AR41LGG1187FB49FE2"
"uk","AR41Q7S1187FB4CCF7"
"british","AR41Q7S1187FB4CCF7"
"english","AR41Q7S1187FB4CCF7"
"rock","AR41Q7S1187FB4CCF7"
"progressive rock","AR41Q7S1187FB4CCF7"
"classic pop and rock","AR41Q7S1187FB4CCF7"
"rock and indie","AR426001187FB3F2A1"
"rock","AR4276G1187FB4CD6C"
"classic pop and rock","AR42C521187B9B22C3"
"european","AR42K241187FB3876C"
"dutch","AR42K241187FB3876C"
"folk","AR432KB1187FB36B81"
"warp","AR43IDV1187FB4691A"
"canadian","AR43IDV1187FB4691A"
"rock and indie","AR43IDV1187FB4691A"
"french","AR43JM21187FB4BA28"
"uk","AR43MR21187B9991C5"
"ninja tune","AR43MR21187B9991C5"
"british","AR43MR21187B9991C5"
"english","AR43MR21187B9991C5"
"brazilian","AR43OKZ1187FB4EA99"
"world","AR43OKZ1187FB4EA99"
"rock and indie","AR43QZX1187B98D2F6"
"electronic","AR43SDL1187B98F578"
"finnish","AR43SDL1187B98F578"
"electro","AR43SDL1187B98F578"
"classic pop and rock","AR43XU91187B9A5038"
"uk","AR444KR1187FB3A5F6"
"indie","AR444KR1187FB3A5F6"
"norfolk","AR444KR1187FB3A5F6"
"norwich","AR444KR1187FB3A5F6"
"england","AR444KR1187FB3A5F6"
"dutch","AR44LRO1187B9B9BC1"
"rock and indie","AR44YO41187B9B3B18"
"rock and indie","AR4503W1187B9A0BAD"
"industrial metal","AR4549W1187B9AF46F"
"american","AR4549W1187B9AF46F"
"metal","AR4549W1187B9AF46F"
"alternative metal","AR4549W1187B9AF46F"
"death metal","AR4549W1187B9AF46F"
"groove metal","AR4549W1187B9AF46F"
"heavy metal","AR4549W1187B9AF46F"
"jazz and blues","AR459OK1187B9B94EB"
"rock and indie","AR45PLQ1187B9A640E"
"4ad","AR45UF61187B9B430A"
"european","AR45UF61187B9B430A"
"danish","AR45UF61187B9B430A"
"french","AR45UNF1187FB45AD8"
"saint petersburg","AR45V7P1187FB4DBA9"
"russia","AR45V7P1187FB4DBA9"
"dance and electronica","AR45VL31187FB4CE3E"
"folk","AR462TG1187FB55ED4"
"molnár ferenc","AR466K61187B998E95"
"dutch","AR468WX1187B9A99DD"
"usa","AR46CAD1187FB4D84B"
"american","AR46CAD1187FB4D84B"
"punk rock","AR46CAD1187FB4D84B"
"punk","AR46CAD1187FB4D84B"
"hardcore punk","AR46CAD1187FB4D84B"
"epitaph","AR46CAD1187FB4D84B"
"atlantic","AR46CAD1187FB4D84B"
"classic hardcore punk","AR46CAD1187FB4D84B"
"melodic hardcore","AR46CAD1187FB4D84B"
"classic punk","AR46CAD1187FB4D84B"
"américain","AR46CAD1187FB4D84B"
"rock and indie","AR46CAD1187FB4D84B"
"california punk","AR46CAD1187FB4D84B"
"california","AR46CAD1187FB4D84B"
"rock and indie","AR46LG01187B98DB5D"
"rock and indie","AR46WWS1187B98E7B8"
"country","AR470HW1187FB3B8DF"
"american","AR470HW1187FB3B8DF"
"dance and electronica","AR473L61187B99B017"
"norwegian","AR4747X1187FB3D396"
"drum and bass","AR47CZU1187B9B92DA"
"jungle","AR47CZU1187B9B92DA"
"pop and chart","AR47N9A1187B988BF4"
"downtempo","AR47NV31187FB3729F"
"electronic","AR47NV31187FB3729F"
"death metal","AR47QBL1187FB4B8D8"
"american","AR47QBL1187FB4B8D8"
"metal","AR47QBL1187FB4B8D8"
"jazz","AR47XGG1187B99146A"
"bebop","AR47XGG1187B99146A"
"american","AR47XGG1187B99146A"
"classical","AR482PE1187FB4F855"
"composer","AR482PE1187FB4F855"
"production music","AR482PE1187FB4F855"
"uk","AR48EZ81187FB4D106"
"british","AR48EZ81187FB4D106"
"english","AR48EZ81187FB4D106"
"4ad","AR48EZ81187FB4D106"
"rock and indie","AR48TRH1187B9B1D39"
"punk","AR490E91187B99F100"
"sandy e junior","AR494721187FB37FE8"
"catalan","AR494FD1187FB43542"
"punk","AR494FD1187FB43542"
"spain","AR494FD1187FB43542"
"german","AR496CS1187B9B2D8E"
"turkish","AR499JW1187B9AF09F"
"x","AR49IQD1187FB37EA7"
"hard rock","AR49MHQ1187FB45E4B"
"rock","AR49MHQ1187FB45E4B"
"american","AR49MHQ1187FB45E4B"
"jazz and blues","AR49O7Z1187FB3F652"
"production music","AR49REC1187B9AFDF4"
"classic pop and rock","AR4A2K51187B9BA545"
"uk","AR4A41F1187FB4CCF5"
"british","AR4A41F1187FB4CCF5"
"english","AR4A41F1187FB4CCF5"
"asian","AR4A41F1187FB4CCF5"
"british asian","AR4A41F1187FB4CCF5"
"desi","AR4A41F1187FB4CCF5"
"classic pop and rock","AR4AOW51187FB3F248"
"heavy metal","AR4AP1T1187FB59C64"
"progressive metal","AR4AP1T1187FB59C64"
"power metal","AR4AP1T1187FB59C64"
"metal","AR4AP1T1187FB59C64"
"speed metal","AR4AP1T1187FB59C64"
"japanese","AR4AP1T1187FB59C64"
"pop and chart","AR4APWK1187FB4DCE2"
"alternative rock","AR4AVPQ1187B99C7EA"
"hard rock","AR4AVPQ1187B99C7EA"
"rock","AR4AVPQ1187B99C7EA"
"american","AR4AVPQ1187B99C7EA"
"hip hop","AR4AY0I1187B9B3954"
"easy listening soundtracks and musicals","AR4B3RX1187B9A868A"
"production music","AR4B6GD1187B994AE2"
"uk","AR4B7OL11C8A42C5BF"
"hip hop","AR4B7OL11C8A42C5BF"
"britannique","AR4B7OL11C8A42C5BF"
"british","AR4B7OL11C8A42C5BF"
"uk","AR4BDNG1187FB44870"
"british","AR4BDNG1187FB44870"
"english","AR4BDNG1187FB44870"
"classic pop and rock","AR4BDNG1187FB44870"
"rock and indie","AR4BDVW1187B9B5310"
"español","AR4BH7C1187B98D9EB"
"cuba","AR4BH7C1187B98D9EB"
"british","AR4BRC61187FB57A47"
"united kingdom","AR4BYUM1187FB56525"
"nathan nicholson","AR4BYUM1187FB56525"
"piers hewitt","AR4BYUM1187FB56525"
"exits","AR4BYUM1187FB56525"
"todd howe","AR4BYUM1187FB56525"
"evacuate","AR4BYUM1187FB56525"
"adam harrison","AR4BYUM1187FB56525"
"union","AR4BYUM1187FB56525"
"poptones","AR4BYUM1187FB56525"
"code red","AR4BYUM1187FB56525"
"ethan johns","AR4BYUM1187FB56525"
"pop","AR4C0911187B98DD83"
"english","AR4C0911187B98DD83"
"pedophile","AR4C0911187B98DD83"
"black metal","AR4C6V01187FB3BAF4"
"portuguese","AR4C6V01187FB3BAF4"
"gothic metal","AR4C6V01187FB3BAF4"
"metal","AR4C6V01187FB3BAF4"
"german","AR4CET11187B98A6AC"
"punk","AR4CG3B1187FB5B861"
"usa","AR4CG3B1187FB5B861"
"california","AR4CG3B1187FB5B861"
"san francisco","AR4CG3B1187FB5B861"
"bad nauheim","AR4CO0I1187FB3AF81"
"german","AR4CO0I1187FB3AF81"
"metal","AR4CPQ31187B990E8F"
"swedish","AR4CPQ31187B990E8F"
"melodic death metal","AR4CPQ31187B990E8F"
"death metal","AR4CPQ31187B990E8F"
"electronic","AR4CW8D1187FB475AE"
"electro","AR4CW8D1187FB475AE"
"final fantasy","AR4D6AU1187B9BA4BD"
"finnish","AR4DBCA1187FB5B63F"
"film composer","AR4DHNI1187FB36871"
"finnish","AR4DOZN1187B98B8F7"
"british","AR4DR5S1187B99177B"
"production music","AR4DR5S1187B99177B"
"chillout","AR4EAEE1187B98C3E8"
"relaxed","AR4EAEE1187B98C3E8"
"swiss","AR4EAEE1187B98C3E8"
"darkwave","AR4EJQP1187FB528D0"
"neofolk","AR4EJQP1187FB528D0"
"pop and chart","AR4EQ231187B99368F"
"hard rock","AR4EUFM1187B99592B"
"jazz-rock","AR4EUFM1187B99592B"
"jazz","AR4EUFM1187B99592B"
"rock","AR4EUFM1187B99592B"
"american","AR4EUFM1187B99592B"
"classic pop and rock","AR4EUFM1187B99592B"
"uk","AR4EZ2Q1187B9AC409"
"scottish","AR4EZ2Q1187B9AC409"
"british","AR4EZ2Q1187B9AC409"
"rock and indie","AR4EZ2Q1187B9AC409"
"uk","AR4F1WX1187FB3B1E9"
"punk","AR4F1WX1187FB3B1E9"
"liverpool","AR4F1WX1187FB3B1E9"
"alternative","AR4F1WX1187FB3B1E9"
"england","AR4F1WX1187FB3B1E9"
"dance and electronica","AR4F2C11187B9B53BB"
"jazz","AR4FPDR1187B98DE6D"
"smooth jazz","AR4FPDR1187B98DE6D"
"classic pop and rock","AR4G3JG1187FB46650"
"goth","AR4G5WN1187B9B77E9"
"uk","AR4G5WN1187B9B77E9"
"punk","AR4G5WN1187B9B77E9"
"england","AR4G5WN1187B9B77E9"
"jazz and blues","AR4GAFY1187B9B639D"
"live","AR4GAFY1187B9B639D"
"blues","AR4GAFY1187B9B639D"
"urban blues","AR4GAFY1187B9B639D"
"electric blues","AR4GAFY1187B9B639D"
"alternative rock","AR4GG431187B9B0F49"
"punk","AR4GG431187B9B0F49"
"dream pop","AR4GG431187B9B0F49"
"rock","AR4GG431187B9B0F49"
"british","AR4GG431187B9B0F49"
"classic pop and rock","AR4GG431187B9B0F49"
"hip hop rnb and dance hall","AR4GJ3V1187FB4245B"
"electronic","AR4GKTH1187FB4C8DE"
"british","AR4GKTH1187FB4C8DE"
"experimental","AR4GKTH1187FB4C8DE"
"idm","AR4GKTH1187FB4C8DE"
"english","AR4GKTH1187FB4C8DE"
"uk","AR4GKTH1187FB4C8DE"
"warp","AR4GKTH1187FB4C8DE"
"electronica","AR4GKTH1187FB4C8DE"
"dance and electronica","AR4GKTH1187FB4C8DE"
"glitch","AR4GKTH1187FB4C8DE"
"new age","AR4GSXW1187B9A4C5E"
"contemporary instrumental","AR4GSXW1187B9A4C5E"
"classical","AR4GSXW1187B9A4C5E"
"jazz","AR4GSXW1187B9A4C5E"
"world","AR4GSXW1187B9A4C5E"
"european","AR4GSXW1187B9A4C5E"
"swiss","AR4GSXW1187B9A4C5E"
"uk","AR4GUFS1187FB3CD51"
"liverpool","AR4GUFS1187FB3CD51"
"british","AR4GUFS1187FB3CD51"
"english","AR4GUFS1187FB3CD51"
"classic pop and rock","AR4GUFS1187FB3CD51"
"classic pop and rock","AR4H4261187B9931CB"
"nettetal","AR4H6UV1187B9A7BFA"
"german","AR4H6UV1187B9A7BFA"
"pop and chart","AR4H6UV1187B9A7BFA"
"italian","AR4HK4W1187FB50C74"
"classic pop and rock","AR4HMHV1187FB54776"
"progressive rock","AR4HOIS1187B9B0C00"
"american","AR4HVDU1187B98EFD8"
"goth","AR4IFU61187B9AA024"
"punk","AR4IFU61187B9AA024"
"horror punk","AR4IFU61187B9AA024"
"germany","AR4IFU61187B9AA024"
"folk","AR4ILV01187FB3FB0D"
"classic pop and rock","AR4J4T21187FB54932"
"finnish","AR4JA441187FB3F6EF"
"pop rock","AR4JA441187FB3F6EF"
"uk","AR4JAPS1187B99687D"
"punk","AR4JAPS1187B99687D"
"german","AR4JBI01187FB3DD5B"
"dance and electronica","AR4JOZW1187FB454A3"
"rock","AR4JX301187B9B63C5"
"finnish","AR4JX301187B9B63C5"
"pop","AR4JX301187B9B63C5"
"ylöjärvi","AR4JX301187B9B63C5"
"pirkanmaa","AR4JX301187B9B63C5"
"punk","AR4JX301187B9B63C5"
"pop rock","AR4JX301187B9B63C5"
"finland","AR4JX301187B9B63C5"
"soul and reggae","AR4K2P91187B9B2B35"
"gospel","AR4K2P91187B9B2B35"
"vocal","AR4K2P91187B9B2B35"
"soul","AR4K2P91187B9B2B35"
"production music","AR4K3OW1187FB402DA"
"soul and reggae","AR4K4NW1187B9AF09B"
"latvian","AR4KBWX1187FB5A718"
"progressive rock","AR4KFQ41187FB5321B"
"disney legend","AR4KJ751187B9ACBB1"
"easy listening soundtracks and musicals","AR4KJ751187B9ACBB1"
"musical","AR4KJ751187B9ACBB1"
"film composer","AR4KJ751187B9ACBB1"
"american","AR4KJ751187B9ACBB1"
"pianist","AR4KJ751187B9ACBB1"
"cajun","AR4KLY21187FB3AC72"
"electronica","AR4KS8C1187FB4CF3D"
"jazz","AR4KS8C1187FB4CF3D"
"experimental","AR4KS8C1187FB4CF3D"
"piano pop rock","AR4KS8C1187FB4CF3D"
"alternative rock","AR4KS8C1187FB4CF3D"
"baroque pop","AR4KS8C1187FB4CF3D"
"rock","AR4KS8C1187FB4CF3D"
"american","AR4KS8C1187FB4CF3D"
"electronic","AR4KS8C1187FB4CF3D"
"rock and indie","AR4KS8C1187FB4CF3D"
"united states","AR4KS8C1187FB4CF3D"
"pop punk","AR4KTMS1187B9B4873"
"german","AR4KTPG1187FB4C13F"
"ambient","AR4KTPG1187FB4C13F"
"krautrock","AR4KTPG1187FB4C13F"
"electronic","AR4KTPG1187FB4C13F"
"new age","AR4KTPG1187FB4C13F"
"space music","AR4KTPG1187FB4C13F"
"germany","AR4KTPG1187FB4C13F"
"european","AR4KTPG1187FB4C13F"
"rock","AR4KTPG1187FB4C13F"
"space","AR4KTPG1187FB4C13F"
"trance","AR4KTPG1187FB4C13F"
"stoner metal","AR4L03M1187FB5713E"
"stoner rock","AR4L03M1187FB5713E"
"electronic","AR4L4WQ1187FB51996"
"british","AR4L4WQ1187FB51996"
"big beat","AR4L4WQ1187FB51996"
"techno","AR4L4WQ1187FB51996"
"hardcore","AR4L4WQ1187FB51996"
"uk","AR4L4WQ1187FB51996"
"electropunk","AR4L4WQ1187FB51996"
"braintree","AR4L4WQ1187FB51996"
"dance and electronica","AR4L4WQ1187FB51996"
"breakbeat hardcore","AR4L4WQ1187FB51996"
"dance-punk","AR4L4WQ1187FB51996"
"electro","AR4L4WQ1187FB51996"
"dance","AR4L4WQ1187FB51996"
"2005","AR4L4WQ1187FB51996"
"britannique","AR4L4WQ1187FB51996"
"electronica","AR4L4WQ1187FB51996"
"english","AR4L4WQ1187FB51996"
"alternative rock","AR4L4WQ1187FB51996"
"rave","AR4L4WQ1187FB51996"
"industrial","AR4L4WQ1187FB51996"
"a cappella","AR4LE591187FB3FCFB"
"finnish","AR4LF541187FB37C6A"
"eurovision","AR4LF541187FB37C6A"
"heavy metal","AR4LF541187FB37C6A"
"uk","AR4LLTL1187FB397C1"
"goth","AR4LLTL1187FB397C1"
"punk","AR4LLTL1187FB397C1"
"oxford","AR4LLTL1187FB397C1"
"england","AR4LLTL1187FB397C1"
"folk","AR4M2AL1187B9B828B"
"rock and indie","AR4M8TW1187FB4F34F"
"indie","AR4M8TW1187FB4F34F"
"electronic","AR4M8TW1187FB4F34F"
"german","AR4MS241187B9B358B"
"electronica","AR4MSYI1187FB4B3C5"
"glitch","AR4MSYI1187FB4B3C5"
"downtempo","AR4MSYI1187FB4B3C5"
"australian","AR4MVC71187B9AEAB3"
"rock","AR4MVC71187B9AEAB3"
"pop","AR4MVC71187B9AEAB3"
"classic pop and rock","AR4MVC71187B9AEAB3"
"turkish","AR4MXOB1187B98BB14"
"blues","AR4N21G1187B99F600"
"dance and electronica","AR4NKTJ1187FB4BED0"
"radio dj","AR4NPON1187FB3BF55"
"rnb","AR4NPON1187FB3BF55"
"british","AR4NPON1187FB3BF55"
"soul","AR4NPON1187FB3BF55"
"english","AR4NPON1187FB3BF55"
"soul and reggae","AR4NPON1187FB3BF55"
"classic pop and rock","AR4NREB1187B9AEDAC"
"hip hop","AR4NSYN1187FB59EEA"
"r b","AR4OH581187B9B7157"
"dance hall","AR4OH581187B9B7157"
"rnb","AR4OH581187B9B7157"
"hip-hop","AR4OH581187B9B7157"
"hip hop rnb and dance hall","AR4OH581187B9B7157"
"hofors","AR4OMNR1187FB4C697"
"europe","AR4OMNR1187FB4C697"
"gastrikland","AR4OMNR1187FB4C697"
"sweden","AR4OMNR1187FB4C697"
"rock and indie","AR4OMY81187B9B31E7"
"indie pop","AR4OQ151187B991E91"
"piano","AR4OWNU1187B991EC9"
"américain","AR4PACB1187FB518B5"
"usa","AR4PACB1187FB518B5"
"american","AR4PACB1187FB518B5"
"singer-songwriter","AR4PCIG1187B98D07D"
"slide guitar","AR4PCIG1187B98D07D"
"american","AR4PCIG1187B98D07D"
"jazz","AR4PH8Y1187B9894DA"
"american","AR4PH8Y1187B9894DA"
"jazz and blues","AR4PH8Y1187B9894DA"
"classical","AR4PLJK1187B98DC1F"
"american","AR4PQ891187FB5CA9F"
"soft rock","AR4PQ891187FB5CA9F"
"rnb","AR4PQ891187FB5CA9F"
"rock","AR4PQ891187FB5CA9F"
"pop","AR4PQ891187FB5CA9F"
"adult contemporary","AR4PQ891187FB5CA9F"
"soul","AR4PQ891187FB5CA9F"
"urban","AR4PQ891187FB5CA9F"
"quiet storm","AR4PQ891187FB5CA9F"
"classic pop and rock","AR4PQ891187FB5CA9F"
"folk-rock","AR4PRN01187FB48D18"
"production music","AR4PYL011C8A416A3F"
"british","AR4Q1CB1187FB37FFD"
"hip hop rnb and dance hall","AR4QD4K1187FB55F1A"
"country-es","AR4QXNZ1187B98E936"
"classic pop and rock","AR4R0741187FB39AF2"
"punk","AR4R0741187FB39AF2"
"london","AR4R0741187FB39AF2"
"uk","AR4R0741187FB39AF2"
"england","AR4R0741187FB39AF2"
"classic pop and rock","AR4R0RW1187FB5796A"
"canadian","AR4R1FL1187FB55C3B"
"disco-punk","AR4R1FL1187FB55C3B"
"electronic","AR4R1FL1187FB55C3B"
"rock n roll","AR4R1FL1187FB55C3B"
"folk","AR4R5HW1187FB465E8"
"indie","AR4RF1W119B8668C07"
"new rave","AR4RF1W119B8668C07"
"electronic","AR4RF1W119B8668C07"
"british","AR4RF1W119B8668C07"
"electro","AR4RF1W119B8668C07"
"turkish","AR4RI9Q1187B9A7963"
"uk","AR4RLX31187FB3CE00"
"welsh","AR4RLX31187FB3CE00"
"british","AR4RLX31187FB3CE00"
"classic pop and rock","AR4RLX31187FB3CE00"
"uk","AR4RMO71187B9B82B9"
"british","AR4RMO71187B9B82B9"
"classic pop and rock","AR4RMO71187B9B82B9"
"greek","AR4ROY01187B9B021A"
"contemporary instrumental","AR4ROY01187B9B021A"
"european","AR4ROY01187B9B021A"
"ultimate","AR4ROY01187B9B021A"
"electronic","AR4RY4E1187B9912E5"
"american","AR4RY4E1187B9912E5"
"turkish","AR4RY4E1187B9912E5"
"90","AR4SBWX1187FB4D6BE"
"punk","AR4SBWX1187FB4D6BE"
"riot grrl","AR4SBWX1187FB4D6BE"
"northwest","AR4SBWX1187FB4D6BE"
"grunge","AR4SBWX1187FB4D6BE"
"usa","AR4SBWX1187FB4D6BE"
"minneapolis","AR4SBWX1187FB4D6BE"
"folk","AR4SEOV1187FB5476F"
"german","AR4SOKG1187B98D2B0"
"neue deutsche welle","AR4SOKG1187B98D2B0"
"ndw","AR4SOKG1187B98D2B0"
"leipzig","AR4SUFR1187B9B9462"
"german","AR4SUFR1187B9B9462"
"punk","AR4SYJD1187FB4D299"
"canada","AR4SYJD1187FB4D299"
"uk","AR4T2IF1187B9ADBB7"
"rock","AR4T2IF1187B9ADBB7"
"england","AR4T2IF1187B9ADBB7"
"punk","AR4T2IF1187B9ADBB7"
"british","AR4T2IF1187B9ADBB7"
"english","AR4T2IF1187B9ADBB7"
"classic pop and rock","AR4T2IF1187B9ADBB7"
"italian","AR4T2NV1187B997CF3"
"psychedelic trance","AR4T3B21187B99D5AF"
"world fusion","AR4T3B21187B99D5AF"
"downtempo","AR4T3B21187B99D5AF"
"didgeridoo","AR4T3B21187B99D5AF"
"idm","AR4T3B21187B99D5AF"
"organica","AR4T3B21187B99D5AF"
"indidginus","AR4T3B21187B99D5AF"
"electronic music","AR4T3B21187B99D5AF"
"organic soundscapes","AR4T3B21187B99D5AF"
"didg","AR4T3B21187B99D5AF"
"music","AR4T3B21187B99D5AF"
"electronica","AR4T3B21187B99D5AF"
"chillout","AR4T3B21187B99D5AF"
"downbeat","AR4T3B21187B99D5AF"
"psybient","AR4T3B21187B99D5AF"
"psytrance","AR4T3B21187B99D5AF"
"progressive psytrance","AR4T3B21187B99D5AF"
"dubstep","AR4T3B21187B99D5AF"
"slide didgeridoo","AR4T3B21187B99D5AF"
"slide didg","AR4T3B21187B99D5AF"
"rock and indie","AR4TF3V1187B9AC709"
"uk","AR4TF3V1187B9AC709"
"goth","AR4TF3V1187B9AC709"
"london","AR4TF3V1187B9AC709"
"england","AR4TF3V1187B9AC709"
"american","AR4TLW81187B99683D"
"folk","AR4TLW81187B99683D"
"rock and indie","AR4TNSH1187B9A03C7"
"classic pop and rock","AR4TPZ21187FB4C5CB"
"pop","AR4TSH71187FB3609B"
"german","AR4TSH71187FB3609B"
"girl group","AR4TSH71187FB3609B"
"rock and indie","AR4TV7J1187FB400C9"
"classic pop and rock","AR4U91L1187B9A2401"
"américain","AR4UL0A1187FB36895"
"usa","AR4UL0A1187FB36895"
"american","AR4UL0A1187FB36895"
