"term","artist_id"
"pop rap","AR014T71187B9B8756"
"hip house","AR014T71187B9B8756"
"deep house","AR014T71187B9B8756"
"progressive trance","AR014T71187B9B8756"
"hip hop","AR014T71187B9B8756"
"techno","AR014T71187B9B8756"
"funk","AR014T71187B9B8756"
"downtempo","AR014T71187B9B8756"
"reggae","AR014T71187B9B8756"
"dance","AR014T71187B9B8756"
"pop","AR014T71187B9B8756"
"italy","AR014T71187B9B8756"
"nederland","AR014T71187B9B8756"
"germany","AR014T71187B9B8756"
"electro house","AR014T71187B9B8756"
"vocal","AR014T71187B9B8756"
"sweden","AR014T71187B9B8756"
"rock","AR014T71187B9B8756"
"breakbeat","AR014T71187B9B8756"
"dj","AR014T71187B9B8756"
"latin","AR014T71187B9B8756"
"dutch","AR014T71187B9B8756"
"male","AR014T71187B9B8756"
"remix","AR014T71187B9B8756"
"french","AR014T71187B9B8756"
"club house","AR014T71187B9B8756"
"euro-house","AR014T71187B9B8756"
"amsterdam","AR014T71187B9B8756"
"funk soul","AR014T71187B9B8756"
"downtempo","AR015LY1187B98CCAF"
"bhangra","AR015LY1187B98CCAF"
"indian classical","AR015LY1187B98CCAF"
"future jazz","AR015LY1187B98CCAF"
"dub","AR015LY1187B98CCAF"
"trip hop","AR015LY1187B98CCAF"
"electronic","AR015LY1187B98CCAF"
"progressive trance","AR015LY1187B98CCAF"
"broken beat","AR015LY1187B98CCAF"
"chill-out","AR015LY1187B98CCAF"
"desi","AR015LY1187B98CCAF"
"chant","AR015LY1187B98CCAF"
"deep house","AR015LY1187B98CCAF"
"bossa nova","AR015LY1187B98CCAF"
"trance","AR015LY1187B98CCAF"
"tech house","AR015LY1187B98CCAF"
"hip hop","AR015LY1187B98CCAF"
"ambient","AR015LY1187B98CCAF"
"acid jazz","AR015LY1187B98CCAF"
"electronica","AR015LY1187B98CCAF"
"world music","AR015LY1187B98CCAF"
"tribal","AR015LY1187B98CCAF"
"experimental","AR015LY1187B98CCAF"
"abstract","AR015LY1187B98CCAF"
"drum and bass","AR015LY1187B98CCAF"
"jazz","AR015LY1187B98CCAF"
"house","AR015LY1187B98CCAF"
"united states","AR015LY1187B98CCAF"
"dance","AR015LY1187B98CCAF"
"world fusion","AR015LY1187B98CCAF"
"latin","AR015LY1187B98CCAF"
"world","AR015LY1187B98CCAF"
"indian","AR015LY1187B98CCAF"
"arabic","AR015LY1187B98CCAF"
"breakbeat","AR015LY1187B98CCAF"
"relax","AR015LY1187B98CCAF"
"instrumental","AR015LY1187B98CCAF"
"folk","AR015LY1187B98CCAF"
"beautiful","AR015LY1187B98CCAF"
"fusion","AR015LY1187B98CCAF"
"africa","AR015LY1187B98CCAF"
"ethnic","AR015LY1187B98CCAF"
"club dance","AR015LY1187B98CCAF"
"india","AR015LY1187B98CCAF"
"ethnic fusion","AR015LY1187B98CCAF"
"europop","AR015PN1187B993F3A"
"ballad","AR015PN1187B993F3A"
"chanson","AR015PN1187B993F3A"
"disco","AR015PN1187B993F3A"
"pop","AR015PN1187B993F3A"
"spanish","AR015PN1187B993F3A"
"spain","AR015PN1187B993F3A"
"eurovision","AR015PN1187B993F3A"
"eurovision song contest","AR015PN1187B993F3A"
"electronic","AR015PN1187B993F3A"
"latin","AR015PN1187B993F3A"
"eurosong","AR015PN1187B993F3A"
"big beat","AR016P51187B98E398"
"breakbeat","AR016P51187B98E398"
"trip hop","AR016P51187B98E398"
"dub","AR016P51187B98E398"
"downtempo","AR016P51187B98E398"
"turnablism","AR016P51187B98E398"
"chill-out","AR016P51187B98E398"
"jungle music","AR016P51187B98E398"
"future jazz","AR016P51187B98E398"
"hip hop","AR016P51187B98E398"
"electronic","AR016P51187B98E398"
"reggae","AR016P51187B98E398"
"funk","AR016P51187B98E398"
"electronica","AR016P51187B98E398"
"techno","AR016P51187B98E398"
"dance","AR016P51187B98E398"
"trance","AR016P51187B98E398"
"electro","AR016P51187B98E398"
"house","AR016P51187B98E398"
"indie rock","AR016P51187B98E398"
"world fusion","AR016P51187B98E398"
"electro dub","AR016P51187B98E398"
"drum and bass","AR016P51187B98E398"
"ambient","AR016P51187B98E398"
"90s","AR016P51187B98E398"
"african","AR016P51187B98E398"
"beats","AR016P51187B98E398"
"rock","AR016P51187B98E398"
"ninja tune","AR016P51187B98E398"
"tribal","AR016P51187B98E398"
"latin","AR016P51187B98E398"
"hardcore","AR016P51187B98E398"
"acid","AR016P51187B98E398"
"japan","AR016P51187B98E398"
"indian","AR016P51187B98E398"
"european","AR016P51187B98E398"
"conscious","AR016P51187B98E398"
"world groove","AR016P51187B98E398"
"ethnotechno","AR016P51187B98E398"
"indian vibes","AR016P51187B98E398"
"skinhead","AR016P51187B98E398"
"reggae","AR0174X1187B98E3E7"
"deathgrind","AR0174X1187B98E3E7"
"rock","AR0174X1187B98E3E7"
"tech house","AR0174X1187B98E3E7"
"heavy metal","AR0174X1187B98E3E7"
"industrial metal","AR0174X1187B98E3E7"
"punk","AR0174X1187B98E3E7"
"hard rock","AR0174X1187B98E3E7"
"gothic metal","AR0174X1187B98E3E7"
"progressive trance","AR0174X1187B98E3E7"
"trance","AR0174X1187B98E3E7"
"world","AR0174X1187B98E3E7"
"electro","AR0174X1187B98E3E7"
"hardcore","AR0174X1187B98E3E7"
"techno","AR0174X1187B98E3E7"
"electronic","AR0174X1187B98E3E7"
"spoken word","AR0174X1187B98E3E7"
"united states","AR0174X1187B98E3E7"
"house","AR0174X1187B98E3E7"
"belgium","AR0174X1187B98E3E7"
"texas","AR0174X1187B98E3E7"
"nederland","AR0174X1187B98E3E7"
"up beat","AR0174X1187B98E3E7"
"thrash metal","AR0174X1187B98E3E7"
"retro swing","AR0174X1187B98E3E7"
"diy","AR0174X1187B98E3E7"
"political punk","AR0174X1187B98E3E7"
"world beat","AR0174X1187B98E3E7"
"oregon","AR0174X1187B98E3E7"
"third wave ska revival","AR0174X1187B98E3E7"
"euro-house","AR0174X1187B98E3E7"
"alternative rock","AR0174X1187B98E3E7"
"electronic","AR018Y21187B98A462"
"downtempo","AR018Y21187B98A462"
"psychedelic trance","AR018Y21187B98A462"
"psychedelic","AR018Y21187B98A462"
"dark psytrance","AR018Y21187B98A462"
"goa","AR018Y21187B98A462"
"dark","AR018Y21187B98A462"
"ambient","AR018Y21187B98A462"
"indian","AR018Y21187B98A462"
"club","AR018Y21187B98A462"
"india","AR018Y21187B98A462"
"trance","AR018Y21187B98A462"
"death metal","AR018Y21187B98A462"
"techno","AR018Y21187B98A462"
"metal","AR018Y21187B98A462"
"dj","AR018Y21187B98A462"
"underground","AR018Y21187B98A462"
"goa trance","AR018Y21187B98A462"
"guitar","AR018Y21187B98A462"
"world","AR018Y21187B98A462"
"composer","AR018Y21187B98A462"
"fresh","AR018Y21187B98A462"
"new beat","AR01AEG1187B9B6070"
"disco","AR01AEG1187B9B6070"
"electropop","AR01AEG1187B9B6070"
"british pop","AR01AEG1187B9B6070"
"chill-out","AR01AEG1187B9B6070"
"electroclash","AR01AEG1187B9B6070"
"indietronica","AR01AEG1187B9B6070"
"soft rock","AR01AEG1187B9B6070"
"synthpop","AR01AEG1187B9B6070"
"electronic","AR01AEG1187B9B6070"
"trance","AR01AEG1187B9B6070"
"techno","AR01AEG1187B9B6070"
"indie pop","AR01AEG1187B9B6070"
"pop rock","AR01AEG1187B9B6070"
"electro","AR01AEG1187B9B6070"
"hip hop","AR01AEG1187B9B6070"
"pop","AR01AEG1187B9B6070"
"new wave","AR01AEG1187B9B6070"
"alternative rock","AR01AEG1187B9B6070"
"electronica","AR01AEG1187B9B6070"
"emo","AR01AEG1187B9B6070"
"singer-songwriter","AR01AEG1187B9B6070"
"dance","AR01AEG1187B9B6070"
"indie rock","AR01AEG1187B9B6070"
"house","AR01AEG1187B9B6070"
"sweden","AR01AEG1187B9B6070"
"rock","AR01AEG1187B9B6070"
"swedish","AR01AEG1187B9B6070"
"indie","AR01AEG1187B9B6070"
"experimental","AR01AEG1187B9B6070"
"scandinavia","AR01AEG1187B9B6070"
"party music","AR01AEG1187B9B6070"
"alternative","AR01AEG1187B9B6070"
"folk","AR01AEG1187B9B6070"
"80s","AR01AEG1187B9B6070"
"industrial","AR01AEG1187B9B6070"
"00s","AR01AEG1187B9B6070"
"vocal","AR01AEG1187B9B6070"
"male","AR01AEG1187B9B6070"
"twee","AR01AEG1187B9B6070"
"uplifting","AR01AEG1187B9B6070"
"nordic","AR01AEG1187B9B6070"
"techno","AR01B551187B9A923C"
"hard house","AR01B551187B9A923C"
"schranz","AR01B551187B9A923C"
"electronic","AR01B551187B9A923C"
"tech house","AR01B551187B9A923C"
"germany","AR01B551187B9A923C"
"minimal","AR01B551187B9A923C"
"acid","AR01B551187B9A923C"
"sweden","AR01B551187B9A923C"
"hardtechno","AR01B551187B9A923C"
"acid techno","AR01B551187B9A923C"
"tribal","AR01B551187B9A923C"
"united states","AR01B551187B9A923C"
"slovenia","AR01B551187B9A923C"
"soundtrack","AR01C201187B9B7F3D"
"easy listening","AR01C201187B9B7F3D"
"composer","AR01C201187B9B7F3D"
"game","AR01C201187B9B7F3D"
"movie score","AR01C201187B9B7F3D"
"movie soundtrack","AR01C201187B9B7F3D"
"film music","AR01C201187B9B7F3D"
"original score","AR01C201187B9B7F3D"
"sweden","AR01C201187B9B7F3D"
"electronic","AR01C201187B9B7F3D"
"beautiful","AR01C201187B9B7F3D"
"piano","AR01C201187B9B7F3D"
"california","AR01C201187B9B7F3D"
"modern","AR01C201187B9B7F3D"
"international","AR01C201187B9B7F3D"
"america","AR01C201187B9B7F3D"
"original","AR01C201187B9B7F3D"
"indie","AR01C201187B9B7F3D"
"downtempo","AR01CEY1187FB51FE0"
"uk garage","AR01CEY1187FB51FE0"
"intelligent dance music","AR01CEY1187FB51FE0"
"british pop","AR01CEY1187FB51FE0"
"indie rock","AR01CEY1187FB51FE0"
"reggae","AR01CEY1187FB51FE0"
"electronic","AR01CEY1187FB51FE0"
"pop rock","AR01CEY1187FB51FE0"
"alternative rock","AR01CEY1187FB51FE0"
"rock","AR01CEY1187FB51FE0"
"indie pop","AR01CEY1187FB51FE0"
"punk","AR01CEY1187FB51FE0"
"pop","AR01CEY1187FB51FE0"
"british","AR01CEY1187FB51FE0"
"alternative","AR01CEY1187FB51FE0"
"indie","AR01CEY1187FB51FE0"
"house","AR01CEY1187FB51FE0"
"spain","AR01CEY1187FB51FE0"
"mod","AR01CEY1187FB51FE0"
"bbc introducing","AR01CEY1187FB51FE0"
"glastonbury 2008","AR01CEY1187FB51FE0"
"guitar pop","AR01CEY1187FB51FE0"
"liverpool","AR01CEY1187FB51FE0"
"garage house","AR01CEY1187FB51FE0"
"hard trance","AR01CVS1187B99E9DD"
"hardstyle","AR01CVS1187B99E9DD"
"hard house","AR01CVS1187B99E9DD"
"tech house","AR01CVS1187B99E9DD"
"hip hop","AR01CVS1187B99E9DD"
"trance","AR01CVS1187B99E9DD"
"happy hardcore","AR01CVS1187B99E9DD"
"rave","AR01CVS1187B99E9DD"
"techno","AR01CVS1187B99E9DD"
"electronic","AR01CVS1187B99E9DD"
"progressive trance","AR01CVS1187B99E9DD"
"electro","AR01CVS1187B99E9DD"
"rap","AR01CVS1187B99E9DD"
"hardcore","AR01CVS1187B99E9DD"
"nederland","AR01CVS1187B99E9DD"
"dj","AR01CVS1187B99E9DD"
"spain","AR01CVS1187B99E9DD"
"germany","AR01CVS1187B99E9DD"
"urban","AR01CVS1187B99E9DD"
"acid","AR01CVS1187B99E9DD"
"jumpstyle","AR01CVS1187B99E9DD"
"hard dance","AR01CVS1187B99E9DD"
"sensation black","AR01CVS1187B99E9DD"
"south africa","AR01CVS1187B99E9DD"
"party music","AR01CVS1187B99E9DD"
"hard bass","AR01CVS1187B99E9DD"
"sensation black 2006","AR01CVS1187B99E9DD"
"r&b","AR01CVS1187B99E9DD"
"cumbia","AR01G6G1187B9892EF"
"los angeles","AR01G6G1187B9892EF"
"soft rock","AR01G6G1187B9892EF"
"concerto","AR01G6G1187B9892EF"
"ska","AR01G6G1187B9892EF"
"reggae","AR01G6G1187B9892EF"
"easy listening","AR01G6G1187B9892EF"
"dub","AR01G6G1187B9892EF"
"funk","AR01G6G1187B9892EF"
"latin","AR01G6G1187B9892EF"
"spanish","AR01G6G1187B9892EF"
"italian","AR01G6G1187B9892EF"
"alternative","AR01G6G1187B9892EF"
"rock","AR01G6G1187B9892EF"
"folk","AR01G6G1187B9892EF"
"retro","AR01G6G1187B9892EF"
"electronic","AR01G6G1187B9892EF"
"pop","AR01G6G1187B9892EF"
"acoustic","AR01G6G1187B9892EF"
"male","AR01G6G1187B9892EF"
"political","AR01G6G1187B9892EF"
"heavy","AR01G6G1187B9892EF"
"spain","AR01G6G1187B9892EF"
"poetry","AR01G6G1187B9892EF"
"spanish rock","AR01G6G1187B9892EF"
"rock en espanol","AR01G6G1187B9892EF"
"spanish pop","AR01G6G1187B9892EF"
"cuban","AR01G6G1187B9892EF"
"italy","AR01G6G1187B9892EF"
"patchanka","AR01G6G1187B9892EF"
"spanish indie pop","AR01G6G1187B9892EF"
"adult alternative","AR01G6G1187B9892EF"
"gypsy","AR01G6G1187B9892EF"
"italian pop","AR01G6G1187B9892EF"
"italian music","AR01G6G1187B9892EF"
"chile","AR01G6G1187B9892EF"
"folk rock","AR01HKT1187B996F26"
"indie","AR01HKT1187B996F26"
"rock","AR01HKT1187B996F26"
"indie folk","AR01HKT1187B996F26"
"indie rock","AR01HKT1187B996F26"
"lo-fi","AR01HKT1187B996F26"
"alternative","AR01HKT1187B996F26"
"guitar","AR01HKT1187B996F26"
"beautiful","AR01HKT1187B996F26"
"acoustic","AR01HKT1187B996F26"
"emotional","AR01HKT1187B996F26"
"folk","AR01HKT1187B996F26"
"sad","AR01HKT1187B996F26"
"song writer","AR01HKT1187B996F26"
"pop","AR01HKT1187B996F26"
"lyrics","AR01HKT1187B996F26"
"instrumental","AR01HKT1187B996F26"
"90s","AR01HKT1187B996F26"
"funny","AR01HKT1187B996F26"
"metal","AR01HKT1187B996F26"
"country","AR01HKT1187B996F26"
"post rock","AR01HXB1187FB54C93"
"indie rock","AR01HXB1187FB54C93"
"dream pop","AR01HXB1187FB54C93"
"indie pop","AR01HXB1187FB54C93"
"instrumental rock","AR01HXB1187FB54C93"
"rock","AR01HXB1187FB54C93"
"experimental rock","AR01HXB1187FB54C93"
"math rock","AR01HXB1187FB54C93"
"emo","AR01HXB1187FB54C93"
"ethereal","AR01HXB1187FB54C93"
"alternative rock","AR01HXB1187FB54C93"
"chill-out","AR01HXB1187FB54C93"
"united states","AR01HXB1187FB54C93"
"indie","AR01HXB1187FB54C93"
"instrumental","AR01HXB1187FB54C93"
"ambient","AR01HXB1187FB54C93"
"seattle","AR01HXB1187FB54C93"
"alternative","AR01HXB1187FB54C93"
"christian","AR01HXB1187FB54C93"
"pop","AR01HXB1187FB54C93"
"acoustic","AR01HXB1187FB54C93"
"00s","AR01HXB1187FB54C93"
"experimental","AR01HXB1187FB54C93"
"american","AR01HXB1187FB54C93"
"switzerland","AR01HXB1187FB54C93"
"deep","AR01HXB1187FB54C93"
"fir","AR01HXB1187FB54C93"
"instrumental post rock","AR01HXB1187FB54C93"
"washington","AR01HXB1187FB54C93"
"ambient pop","AR01HXB1187FB54C93"
"christian indie","AR01HXB1187FB54C93"
"progressive","AR01HXB1187FB54C93"
"oklahoma","AR01HXB1187FB54C93"
"straight edge","AR01IP11187B9AF5D2"
"christian hardcore","AR01IP11187B9AF5D2"
"hardcore punk","AR01IP11187B9AF5D2"
"heavy metal","AR01IP11187B9AF5D2"
"united states","AR01IP11187B9AF5D2"
"hardcore","AR01IP11187B9AF5D2"
"christian","AR01IP11187B9AF5D2"
"punk","AR01IP11187B9AF5D2"
"old school hardcore","AR01IP11187B9AF5D2"
"florida","AR01IP11187B9AF5D2"
"american","AR01IP11187B9AF5D2"
"heavy","AR01IP11187B9AF5D2"
"punk metal","AR01IP11187B9AF5D2"
"moshcore","AR01IP11187B9AF5D2"
"angry","AR01IP11187B9AF5D2"
"spirit-filled hardcore","AR01IP11187B9AF5D2"
"facedown records","AR01IP11187B9AF5D2"
"flhc","AR01IP11187B9AF5D2"
"alternative rock","AR01IP11187B9AF5D2"
"disco","AR01OSO1187B9AA610"
"jazz","AR01OSO1187B9AA610"
"calypso","AR01OSO1187B9AA610"
"afrobeat","AR01OSO1187B9AA610"
"electronic","AR01OSO1187B9AA610"
"electro","AR01OSO1187B9AA610"
"pop","AR01OSO1187B9AA610"
"funk","AR01OSO1187B9AA610"
"hip hop","AR01OSO1187B9AA610"
"techno","AR01OSO1187B9AA610"
"latin","AR01OSO1187B9AA610"
"70s","AR01OSO1187B9AA610"
"united states","AR01OSO1187B9AA610"
"spain","AR01OSO1187B9AA610"
"canada","AR01OSO1187B9AA610"
"funk soul","AR01OSO1187B9AA610"
"synthpop","AR01OSO1187B9AA610"
"house","AR01OSO1187B9AA610"
"experimental","AR01OSO1187B9AA610"
"germany","AR01OSO1187B9AA610"
"alternative rock","AR01OSO1187B9AA610"
"illbient","AR01RRX1187B9896B0"
"dub","AR01RRX1187B9896B0"
"trip hop","AR01RRX1187B9896B0"
"broken beat","AR01RRX1187B9896B0"
"jungle music","AR01RRX1187B9896B0"
"electronic","AR01RRX1187B9896B0"
"ambient","AR01RRX1187B9896B0"
"rock","AR01RRX1187B9896B0"
"drum and bass","AR01RRX1187B9896B0"
"electronica","AR01RRX1187B9896B0"
"downtempo","AR01RRX1187B9896B0"
"experimental","AR01RRX1187B9896B0"
"90s rock","AR01RRX1187B9896B0"
"psychedelic","AR01RRX1187B9896B0"
"united states","AR01RRX1187B9896B0"
"new york","AR01RRX1187B9896B0"
"pop","AR01RRX1187B9896B0"
"00s","AR01RRX1187B9896B0"
"noise","AR01RRX1187B9896B0"
"abstract","AR01RRX1187B9896B0"
"dark","AR01RRX1187B9896B0"
"ambient dub","AR01RRX1187B9896B0"
"ambient techno","AR01RRX1187B9896B0"
"90s pop","AR01RRX1187B9896B0"
"country blues","AR01S3D1187FB50A53"
"blues","AR01S3D1187FB50A53"
"folk rock","AR01S3D1187FB50A53"
"blues-rock","AR01S3D1187FB50A53"
"piedmont blues","AR01S3D1187FB50A53"
"country rock","AR01S3D1187FB50A53"
"bluegrass","AR01S3D1187FB50A53"
"post rock","AR01S3D1187FB50A53"
"folk","AR01S3D1187FB50A53"
"rock","AR01S3D1187FB50A53"
"country","AR01S3D1187FB50A53"
"world","AR01S3D1187FB50A53"
"indie rock","AR01S3D1187FB50A53"
"intelligent dance music","AR01S3D1187FB50A53"
"emo","AR01S3D1187FB50A53"
"lo-fi","AR01S3D1187FB50A53"
"singer-songwriter","AR01S3D1187FB50A53"
"electronic","AR01S3D1187FB50A53"
"americana","AR01S3D1187FB50A53"
"united states","AR01S3D1187FB50A53"
"minnesota","AR01S3D1187FB50A53"
"acoustic","AR01S3D1187FB50A53"
"experimental","AR01S3D1187FB50A53"
"american","AR01S3D1187FB50A53"
"00s","AR01S3D1187FB50A53"
"dwars","AR01S3D1187FB50A53"
"banjo","AR01S3D1187FB50A53"
"traditional folk","AR01S3D1187FB50A53"
"traditional","AR01S3D1187FB50A53"
"acoustic blues","AR01S3D1187FB50A53"
"duluth","AR01S3D1187FB50A53"
"celtic punk","AR01SCU1187B9A693C"
"oi","AR01SCU1187B9A693C"
"folk punk","AR01SCU1187B9A693C"
"celtic rock","AR01SCU1187B9A693C"
"pop punk","AR01SCU1187B9A693C"
"massachusetts","AR01SCU1187B9A693C"
"nu metal","AR01SCU1187B9A693C"
"celtic","AR01SCU1187B9A693C"
"power pop","AR01SCU1187B9A693C"
"screamo","AR01SCU1187B9A693C"
"hardcore punk","AR01SCU1187B9A693C"
"punk","AR01SCU1187B9A693C"
"new wave","AR01SCU1187B9A693C"
"metalcore","AR01SCU1187B9A693C"
"rock","AR01SCU1187B9A693C"
"emo","AR01SCU1187B9A693C"
"united states","AR01SCU1187B9A693C"
"alternative rock","AR01SCU1187B9A693C"
"indie rock","AR01SCU1187B9A693C"
"street punk","AR01SCU1187B9A693C"
"boston","AR01SCU1187B9A693C"
"belgium","AR01SCU1187B9A693C"
"pop","AR01SCU1187B9A693C"
"alternative","AR01SCU1187B9A693C"
"metal","AR01SCU1187B9A693C"
"hardcore","AR01SCU1187B9A693C"
"electronic","AR01SCU1187B9A693C"
"indie","AR01SCU1187B9A693C"
"japanese","AR01SCU1187B9A693C"
"00s","AR01SCU1187B9A693C"
"folk","AR01SCU1187B9A693C"
"american","AR01SCU1187B9A693C"
"irish","AR01SCU1187B9A693C"
"mellow","AR01SCU1187B9A693C"
"political","AR01SCU1187B9A693C"
"skinhead","AR01SCU1187B9A693C"
"punk revival","AR01SCU1187B9A693C"
"punk pop","AR01SCU1187B9A693C"
"speedrock","AR01SCU1187B9A693C"
"european","AR01SCU1187B9A693C"
"jazz blues","AR01SFH1187B98AD3C"
"jug band","AR01SFH1187B98AD3C"
"blues","AR01SFH1187B98AD3C"
"classic jazz","AR01SFH1187B98AD3C"
"jazz","AR01SFH1187B98AD3C"
"violin","AR01SFH1187B98AD3C"
"united states","AR01SFH1187B98AD3C"
"dixieland","AR01SFH1187B98AD3C"
"experimental rock","AR01SQ31187FB3C4C2"
"electronic","AR01SQ31187FB3C4C2"
"experimental","AR01SQ31187FB3C4C2"
"industrial","AR01SQ31187FB3C4C2"
"techno","AR01SQ31187FB3C4C2"
"intelligent dance music","AR01SQ31187FB3C4C2"
"abstract","AR01SQ31187FB3C4C2"
"indie rock","AR01SQ31187FB3C4C2"
"electro","AR01SQ31187FB3C4C2"
"new wave","AR01SQ31187FB3C4C2"
"noise","AR01SQ31187FB3C4C2"
"germany","AR01SQ31187FB3C4C2"
"modern classical","AR01SQ31187FB3C4C2"
"alternative rock","AR01SQ31187FB3C4C2"
"rock","AR01SQ31187FB3C4C2"
"avant-garde","AR01SQ31187FB3C4C2"
"german","AR01SQ31187FB3C4C2"
"ambient","AR01SQ31187FB3C4C2"
"minimal","AR01SQ31187FB3C4C2"
"united states","AR01SQ31187FB3C4C2"
"alternative","AR01SQ31187FB3C4C2"
"drone","AR01SQ31187FB3C4C2"
"urban","AR01SQ31187FB3C4C2"
"christmas music","AR01SQ31187FB3C4C2"
"synthpop","AR01SQ31187FB3C4C2"
"russia","AR01SQ31187FB3C4C2"
"gothic rock","AR01SQ31187FB3C4C2"
"electro-acoustic","AR01SQ31187FB3C4C2"
"danish","AR01SQ31187FB3C4C2"
"achingly intelligent","AR01SQ31187FB3C4C2"
"noisy","AR01SQ31187FB3C4C2"
"old school industrial","AR01SQ31187FB3C4C2"
"holiday","AR01SQ31187FB3C4C2"
"textural","AR01SQ31187FB3C4C2"
"surrealism","AR01SQ31187FB3C4C2"
"viking metal","AR01SXQ119B86698DC"
"folk rock","AR01SXQ119B86698DC"
"folk metal","AR01SXQ119B86698DC"
"black metal","AR01SXQ119B86698DC"
"rock","AR01SXQ119B86698DC"
"heavy metal","AR01SXQ119B86698DC"
"death metal","AR01SXQ119B86698DC"
"russia","AR01SXQ119B86698DC"
"pagan metal","AR01SXQ119B86698DC"
"metal","AR01SXQ119B86698DC"
"00s","AR01SXQ119B86698DC"
"russian metal","AR01SXQ119B86698DC"
"valkyriex powerr","AR01SXQ119B86698DC"
"slavonic pagan metal","AR01SXQ119B86698DC"
"russian folk metal","AR01SXQ119B86698DC"
"alternative rock","AR01SXQ119B86698DC"
"surf music","AR01TBY1187FB57622"
"all-female","AR01TBY1187FB57622"
"instrumental rock","AR01TBY1187FB57622"
"northern soul","AR01TBY1187FB57622"
"merseybeat","AR01TBY1187FB57622"
"psychedelic rock","AR01TBY1187FB57622"
"folk rock","AR01TBY1187FB57622"
"ballad","AR01TBY1187FB57622"
"rock","AR01TBY1187FB57622"
"classic rock","AR01TBY1187FB57622"
"power pop","AR01TBY1187FB57622"
"female vocalist","AR01TBY1187FB57622"
"pop","AR01TBY1187FB57622"
"soul","AR01TBY1187FB57622"
"vocal","AR01TBY1187FB57622"
"punk","AR01TBY1187FB57622"
"60s","AR01TBY1187FB57622"
"lounge","AR01TBY1187FB57622"
"garage","AR01TBY1187FB57622"
"california","AR01TBY1187FB57622"
"mod","AR01TBY1187FB57622"
"united states","AR01TBY1187FB57622"
"girl pop","AR01TBY1187FB57622"
"love song","AR01TBY1187FB57622"
"teppaz","AR01TBY1187FB57622"
"party music","AR01TBY1187FB57622"
"funk soul","AR01TBY1187FB57622"
"1960s girl groups","AR01TBY1187FB57622"
"60s girl group","AR01TBY1187FB57622"
"rock progresivo","AR01TBY1187FB57622"
"60s girl pop","AR01TBY1187FB57622"
"alternative rock","AR01TBY1187FB57622"
"pop","AR01TDM1187B993479"
"christmas music","AR01TDM1187B993479"
"vocal","AR01TDM1187B993479"
"africa","AR01TDM1187B993479"
"south africa","AR01TDM1187B993479"
"fox","AR01TDM1187B993479"
"alternative rock","AR01TDM1187B993479"
"chill-out","AR01UD01187B99DED8"
"pop rap","AR01UD01187B99DED8"
"hip hop","AR01UD01187B99DED8"
"funk","AR01UD01187B99DED8"
"rap","AR01UD01187B99DED8"
"israel","AR01UD01187B99DED8"
"pop","AR01UD01187B99DED8"
"funky","AR01UD01187B99DED8"
"political","AR01UD01187B99DED8"
"jewish","AR01UD01187B99DED8"
"hebrew","AR01UD01187B99DED8"
"hard rock","AR01VU31187B997DA0"
"blues-rock","AR01VU31187B997DA0"
"funk rock","AR01VU31187B997DA0"
"funk","AR01VU31187B997DA0"
"heavy metal","AR01VU31187B997DA0"
"jam band","AR01VU31187B997DA0"
"southern rock","AR01VU31187B997DA0"
"album rock","AR01VU31187B997DA0"
"arena rock","AR01VU31187B997DA0"
"post rock","AR01VU31187B997DA0"
"classic rock","AR01VU31187B997DA0"
"garage rock","AR01VU31187B997DA0"
"easy listening","AR01VU31187B997DA0"
"rock","AR01VU31187B997DA0"
"stoner rock","AR01VU31187B997DA0"
"oldies","AR01VU31187B997DA0"
"boogie rock","AR01VU31187B997DA0"
"detroit rock","AR01VU31187B997DA0"
"psychedelic rock","AR01VU31187B997DA0"
"progressive rock","AR01VU31187B997DA0"
"blues","AR01VU31187B997DA0"
"united states","AR01VU31187B997DA0"
"jazz","AR01VU31187B997DA0"
"70s","AR01VU31187B997DA0"
"rap","AR01VU31187B997DA0"
"male vocalist","AR01VU31187B997DA0"
"american","AR01VU31187B997DA0"
"classic","AR01VU31187B997DA0"
"metal","AR01VU31187B997DA0"
"electronic","AR01VU31187B997DA0"
"alternative","AR01VU31187B997DA0"
"pop","AR01VU31187B997DA0"
"60s","AR01VU31187B997DA0"
"guitar","AR01VU31187B997DA0"
"detroit","AR01VU31187B997DA0"
"heavy","AR01VU31187B997DA0"
"jam","AR01VU31187B997DA0"
"punk","AR01VU31187B997DA0"
"psychedelic","AR01VU31187B997DA0"
"80s","AR01VU31187B997DA0"
"groovy","AR01VU31187B997DA0"
"stoner","AR01VU31187B997DA0"
"garage","AR01VU31187B997DA0"
"electro","AR01W2D1187FB5912F"
"alternative rock","AR01W2D1187FB5912F"
"rock","AR01W2D1187FB5912F"
"alternative","AR01W2D1187FB5912F"
"alternative rap","AR01W2D1187FB5912F"
"rap","AR01W2D1187FB5912F"
"soundtrack","AR01W2D1187FB5912F"
"electronica","AR01W2D1187FB5912F"
"pop","AR01W2D1187FB5912F"
"electronic","AR01W2D1187FB5912F"
"funny","AR01W2D1187FB5912F"
"party music","AR01W2D1187FB5912F"
"bass","AR01W2D1187FB5912F"
"duo","AR01W2D1187FB5912F"
"indie","AR01W2D1187FB5912F"
"remix","AR01W2D1187FB5912F"
"blues","AR01WBK1187B9A8E08"
"americana","AR01WBK1187B9A8E08"
"classic blues","AR01WBK1187B9A8E08"
"acoustic blues","AR01WBK1187B9A8E08"
"dance","AR01WBK1187B9A8E08"
"fat possum","AR01WBK1187B9A8E08"
"guitar","AR01WBK1187B9A8E08"
"acoustic","AR01WBK1187B9A8E08"
"traditional","AR01WBK1187B9A8E08"
"united states","AR01WBK1187B9A8E08"
"acoustic guitar","AR01WBK1187B9A8E08"
"fiddle","AR01WBK1187B9A8E08"
"indie","AR01WBK1187B9A8E08"
"dark","AR01WBK1187B9A8E08"
"old","AR01WBK1187B9A8E08"
"original","AR01WBK1187B9A8E08"
"house","AR01WBK1187B9A8E08"
"breakbeat","AR01WBK1187B9A8E08"
"energy","AR01WBK1187B9A8E08"
"kids","AR01WBK1187B9A8E08"
"voice","AR01WBK1187B9A8E08"
"r&b","AR01WBK1187B9A8E08"
"chill-out","AR01WHF1187B9B53B8"
"glitch","AR01WHF1187B9B53B8"
"downtempo","AR01WHF1187B9B53B8"
"lullaby","AR01WHF1187B9B53B8"
"folktronica","AR01WHF1187B9B53B8"
"8-bit","AR01WHF1187B9B53B8"
"indie pop","AR01WHF1187B9B53B8"
"indietronica","AR01WHF1187B9B53B8"
"space rock","AR01WHF1187B9B53B8"
"dream pop","AR01WHF1187B9B53B8"
"intelligent dance music","AR01WHF1187B9B53B8"
"electronic","AR01WHF1187B9B53B8"
"post rock","AR01WHF1187B9B53B8"
"easy listening","AR01WHF1187B9B53B8"
"experimental","AR01WHF1187B9B53B8"
"electronica","AR01WHF1187B9B53B8"
"minimal","AR01WHF1187B9B53B8"
"new wave","AR01WHF1187B9B53B8"
"ambient","AR01WHF1187B9B53B8"
"electro","AR01WHF1187B9B53B8"
"united states","AR01WHF1187B9B53B8"
"alternative rock","AR01WHF1187B9B53B8"
"dance","AR01WHF1187B9B53B8"
"jazz","AR01WHF1187B9B53B8"
"female vocalist","AR01WHF1187B9B53B8"
"japan","AR01WHF1187B9B53B8"
"japanese","AR01WHF1187B9B53B8"
"pop","AR01WHF1187B9B53B8"
"rock","AR01WHF1187B9B53B8"
"indie","AR01WHF1187B9B53B8"
"alternative","AR01WHF1187B9B53B8"
"vocal","AR01WHF1187B9B53B8"
"beautiful","AR01WHF1187B9B53B8"
"lounge","AR01WHF1187B9B53B8"
"instrumental","AR01WHF1187B9B53B8"
"lo-fi","AR01WHF1187B9B53B8"
"italy","AR01WHF1187B9B53B8"
"abstract","AR01WHF1187B9B53B8"
"female vocals","AR01WHF1187B9B53B8"
"mellow","AR01WHF1187B9B53B8"
"twee","AR01WHF1187B9B53B8"
"post rock","AR01ZGX1187B99C7B1"
"doom metal","AR01ZGX1187B99C7B1"
"rock","AR01ZGX1187B99C7B1"
"downtempo","AR01ZGX1187B99C7B1"
"hip hop","AR01ZGX1187B99C7B1"
"electronic","AR01ZGX1187B99C7B1"
"experimental","AR01ZGX1187B99C7B1"
"sludge","AR01ZGX1187B99C7B1"
"greek","AR01ZGX1187B99C7B1"
"psychedelic","AR01ZGX1187B99C7B1"
"greece","AR01ZGX1187B99C7B1"
"ambient","AR01ZGX1187B99C7B1"
"abstract","AR01ZGX1187B99C7B1"
"instrumental post rock","AR01ZGX1187B99C7B1"
"experimental ambient","AR01ZGX1187B99C7B1"
"alternative rock","AR01ZGX1187B99C7B1"
"thessaloniki","AR01ZGX1187B99C7B1"
"future jazz","AR01ZNN1187B9B15A4"
"tech house","AR01ZNN1187B9B15A4"
"deep house","AR01ZNN1187B9B15A4"
"downtempo","AR01ZNN1187B9B15A4"
"acid jazz","AR01ZNN1187B9B15A4"
"progressive house","AR01ZNN1187B9B15A4"
"canterbury scene","AR01ZNN1187B9B15A4"
"electro","AR01ZNN1187B9B15A4"
"trip hop","AR01ZNN1187B9B15A4"
"hard trance","AR01ZNN1187B9B15A4"
"hard house","AR01ZNN1187B9B15A4"
"electronic","AR01ZNN1187B9B15A4"
"happy hardcore","AR01ZNN1187B9B15A4"
"uk garage","AR01ZNN1187B9B15A4"
"pop rap","AR01ZNN1187B9B15A4"
"hardstyle","AR01ZNN1187B9B15A4"
"art rock","AR01ZNN1187B9B15A4"
"breakcore","AR01ZNN1187B9B15A4"
"trance","AR01ZNN1187B9B15A4"
"italian disco","AR01ZNN1187B9B15A4"
"chill-out","AR01ZNN1187B9B15A4"
"tribal house","AR01ZNN1187B9B15A4"
"house","AR01ZNN1187B9B15A4"
"progressive trance","AR01ZNN1187B9B15A4"
"jazz fusion","AR01ZNN1187B9B15A4"
"math rock","AR01ZNN1187B9B15A4"
"dub","AR01ZNN1187B9B15A4"
"techno","AR01ZNN1187B9B15A4"
"noise rock","AR01ZNN1187B9B15A4"
"glitch","AR01ZNN1187B9B15A4"
"progressive rock","AR01ZNN1187B9B15A4"
"breakbeat","AR01ZNN1187B9B15A4"
"psychedelic rock","AR01ZNN1187B9B15A4"
"disco","AR01ZNN1187B9B15A4"
"minimal","AR01ZNN1187B9B15A4"
"pop rock","AR01ZNN1187B9B15A4"
"hip hop","AR01ZNN1187B9B15A4"
"experimental","AR01ZNN1187B9B15A4"
"rock","AR01ZNN1187B9B15A4"
"blues","AR01ZNN1187B9B15A4"
"jazz","AR01ZNN1187B9B15A4"
"funk","AR01ZNN1187B9B15A4"
"ambient","AR01ZNN1187B9B15A4"
"germany","AR01ZNN1187B9B15A4"
"electronica","AR01ZNN1187B9B15A4"
"psychedelic","AR01ZNN1187B9B15A4"
"hardcore","AR01ZNN1187B9B15A4"
"chanson","AR020PM1187FB3F357"
"pop rock","AR020PM1187FB3F357"
"ballad","AR020PM1187FB3F357"
"soft rock","AR020PM1187FB3F357"
"rock","AR020PM1187FB3F357"
"europop","AR020PM1187FB3F357"
"pop","AR020PM1187FB3F357"
"folk rock","AR020PM1187FB3F357"
"new wave","AR020PM1187FB3F357"
"soundtrack","AR020PM1187FB3F357"
"reggae","AR020PM1187FB3F357"
"grunge","AR020PM1187FB3F357"
"electronic","AR020PM1187FB3F357"
"singer-songwriter","AR020PM1187FB3F357"
"french","AR020PM1187FB3F357"
"synthpop","AR020PM1187FB3F357"
"hip hop","AR020PM1187FB3F357"
"classic rock","AR020PM1187FB3F357"
"hard rock","AR020PM1187FB3F357"
"germany","AR020PM1187FB3F357"
"electro","AR020PM1187FB3F357"
"alternative rock","AR020PM1187FB3F357"
"classical","AR020PM1187FB3F357"
"switzerland","AR020PM1187FB3F357"
"french rock","AR020PM1187FB3F357"
"minimal","AR020PM1187FB3F357"
"male vocalist","AR020PM1187FB3F357"
"swiss","AR020PM1187FB3F357"
"neoclassical","AR020PM1187FB3F357"
"chanson francaise","AR020PM1187FB3F357"
"german","AR020PM1187FB3F357"
"song writer","AR020PM1187FB3F357"
"guitar","AR020PM1187FB3F357"
"experimental","AR020PM1187FB3F357"
"indie","AR020PM1187FB3F357"
"folk","AR020PM1187FB3F357"
"alternative","AR020PM1187FB3F357"
"european","AR020PM1187FB3F357"
"latin","AR020PM1187FB3F357"
"90s","AR020PM1187FB3F357"
"80s","AR020PM1187FB3F357"
"synth","AR020PM1187FB3F357"
"english","AR020PM1187FB3F357"
"canada","AR020PM1187FB3F357"
"francophone","AR020PM1187FB3F357"
"italian disco","AR022JO1187B99587B"
"disco","AR022JO1187B99587B"
"europop","AR022JO1187B99587B"
"electronic","AR022JO1187B99587B"
"pop rap","AR022JO1187B99587B"
"power pop","AR022JO1187B99587B"
"rock","AR022JO1187B99587B"
"progressive rock","AR022JO1187B99587B"
"electro","AR022JO1187B99587B"
"hip hop","AR022JO1187B99587B"
"acoustic","AR022JO1187B99587B"
"italy","AR022JO1187B99587B"
"pop","AR022JO1187B99587B"
"synthpop","AR022JO1187B99587B"
"house","AR022JO1187B99587B"
"80s","AR022JO1187B99587B"
"psychedelic","AR022JO1187B99587B"
"spain","AR022JO1187B99587B"
"nederland","AR022JO1187B99587B"
"germany","AR022JO1187B99587B"
"california","AR022JO1187B99587B"
"alternative pop","AR022JO1187B99587B"
"japan","AR022JO1187B99587B"
"guitar pop","AR022JO1187B99587B"
"french","AR022JO1187B99587B"
"italian","AR022JO1187B99587B"
"psychedelic pop","AR022JO1187B99587B"
"80s rock","AR022JO1187B99587B"
"indonesia","AR022JO1187B99587B"
"italian dance","AR022JO1187B99587B"
"euro-house","AR022JO1187B99587B"
"electro italo","AR022JO1187B99587B"
"funk soul","AR022JO1187B99587B"
"roots reggae","AR026BB1187B994DC3"
"reggae","AR026BB1187B994DC3"
"lovers rock","AR026BB1187B994DC3"
"dub","AR026BB1187B994DC3"
"roots rock reggae","AR026BB1187B994DC3"
"jungle music","AR026BB1187B994DC3"
"world music","AR026BB1187B994DC3"
"ska","AR026BB1187B994DC3"
"electro","AR026BB1187B994DC3"
"hip hop","AR026BB1187B994DC3"
"jamaica","AR026BB1187B994DC3"
"roots","AR026BB1187B994DC3"
"rock","AR026BB1187B994DC3"
"rasta","AR026BB1187B994DC3"
"industrial","AR026BB1187B994DC3"
"world","AR026BB1187B994DC3"
"germany","AR026BB1187B994DC3"
"buddamat","AR026BB1187B994DC3"
"nederland","AR026BB1187B994DC3"
"caribbean","AR026BB1187B994DC3"
"musica","AR026BB1187B994DC3"
"jamaican","AR026BB1187B994DC3"
"roots and culture","AR026BB1187B994DC3"
"hardtechno","AR026BB1187B994DC3"
"french","AR026BB1187B994DC3"
"rastafari","AR026BB1187B994DC3"
"jah","AR026BB1187B994DC3"
"world reggae","AR026BB1187B994DC3"
"alternative rock","AR026BB1187B994DC3"
"power pop","AR026PU1187FB43FD9"
"new wave","AR026PU1187FB43FD9"
"indietronica","AR026PU1187FB43FD9"
"space rock","AR026PU1187FB43FD9"
"rockabilly","AR026PU1187FB43FD9"
"stoner rock","AR026PU1187FB43FD9"
"grunge","AR026PU1187FB43FD9"
"garage rock","AR026PU1187FB43FD9"
"classic rock","AR026PU1187FB43FD9"
"post rock","AR026PU1187FB43FD9"
"pop punk","AR026PU1187FB43FD9"
"rap","AR026PU1187FB43FD9"
"soundtrack","AR026PU1187FB43FD9"
"blues","AR026PU1187FB43FD9"
"indie pop","AR026PU1187FB43FD9"
"mod revival","AR026PU1187FB43FD9"
"alternative rock","AR026PU1187FB43FD9"
"hard rock","AR026PU1187FB43FD9"
"punk","AR026PU1187FB43FD9"
"indie rock","AR026PU1187FB43FD9"
"techno","AR026PU1187FB43FD9"
"emo","AR026PU1187FB43FD9"
"progressive rock","AR026PU1187FB43FD9"
"rock","AR026PU1187FB43FD9"
"jazz","AR026PU1187FB43FD9"
"80s","AR026PU1187FB43FD9"
"hip hop","AR026PU1187FB43FD9"
"pop","AR026PU1187FB43FD9"
"japanese","AR026PU1187FB43FD9"
"british","AR026PU1187FB43FD9"
"electronica","AR026PU1187FB43FD9"
"alternative","AR026PU1187FB43FD9"
"country","AR026PU1187FB43FD9"
"electronic","AR026PU1187FB43FD9"
"metal","AR026PU1187FB43FD9"
"indie","AR026PU1187FB43FD9"
"hardcore","AR026PU1187FB43FD9"
"folk","AR026PU1187FB43FD9"
"psychedelic","AR026PU1187FB43FD9"
"experimental","AR026PU1187FB43FD9"
"tech house","AR028WM1187FB3DADB"
"deep house","AR028WM1187FB3DADB"
"progressive house","AR028WM1187FB3DADB"
"tribal house","AR028WM1187FB3DADB"
"disco house","AR028WM1187FB3DADB"
"jazz funk","AR028WM1187FB3DADB"
"electronic","AR028WM1187FB3DADB"
"techno","AR028WM1187FB3DADB"
"electro","AR028WM1187FB3DADB"
"acid jazz","AR028WM1187FB3DADB"
"house","AR028WM1187FB3DADB"
"easy listening","AR028WM1187FB3DADB"
"downtempo","AR028WM1187FB3DADB"
"acid","AR028WM1187FB3DADB"
"germany","AR028WM1187FB3DADB"
"trance","AR028WM1187FB3DADB"
"jazz","AR028WM1187FB3DADB"
"minimal","AR028WM1187FB3DADB"
"acid house","AR028WM1187FB3DADB"
"deep","AR028WM1187FB3DADB"
"vocal","AR028WM1187FB3DADB"
"french","AR028WM1187FB3DADB"
"crunk","AR028WW1187FB3C9B4"
"hip hop","AR028WW1187FB3C9B4"
"r&b","AR028WW1187FB3C9B4"
"female vocalist","AR028WW1187FB3C9B4"
"pop","AR028WW1187FB3C9B4"
"soul","AR028WW1187FB3C9B4"
"female","AR028WW1187FB3C9B4"
"vocal","AR028WW1187FB3C9B4"
"urban","AR028WW1187FB3C9B4"
"united states","AR028WW1187FB3C9B4"
"duet","AR028WW1187FB3C9B4"
"gay club","AR028WW1187FB3C9B4"
"trance","AR02CJN11A348EFE3A"
"progressive trance","AR02CJN11A348EFE3A"
"electronic","AR02CJN11A348EFE3A"
"new york","AR02CJN11A348EFE3A"
"blues-rock","AR02CY11187B99E7E8"
"europop","AR02CY11187B99E7E8"
"new wave","AR02CY11187B99E7E8"
"power pop","AR02CY11187B99E7E8"
"funk","AR02CY11187B99E7E8"
"pop rock","AR02CY11187B99E7E8"
"electronic","AR02CY11187B99E7E8"
"pop rap","AR02CY11187B99E7E8"
"disco","AR02CY11187B99E7E8"
"ballad","AR02CY11187B99E7E8"
"soft rock","AR02CY11187B99E7E8"
"synthpop","AR02CY11187B99E7E8"
"alternative rock","AR02CY11187B99E7E8"
"rock","AR02CY11187B99E7E8"
"hip hop","AR02CY11187B99E7E8"
"classic rock","AR02CY11187B99E7E8"
"house","AR02CY11187B99E7E8"
"pop","AR02CY11187B99E7E8"
"techno","AR02CY11187B99E7E8"
"united states","AR02CY11187B99E7E8"
"80s","AR02CY11187B99E7E8"
"vocal","AR02CY11187B99E7E8"
"funk soul","AR02CY11187B99E7E8"
"british pop","AR02CY11187B99E7E8"
"chanson","AR02DB61187B9A0B5E"
"pop rock","AR02DB61187B9A0B5E"
"garage rock","AR02DB61187B9A0B5E"
"oldies","AR02DB61187B9A0B5E"
"rock","AR02DB61187B9A0B5E"
"pop","AR02DB61187B9A0B5E"
"female vocalist","AR02DB61187B9A0B5E"
"lounge","AR02DB61187B9A0B5E"
"french","AR02DB61187B9A0B5E"
"60s","AR02DB61187B9A0B5E"
"chanson francaise","AR02DB61187B9A0B5E"
"french pop","AR02DB61187B9A0B5E"
"alternative","AR02DB61187B9A0B5E"
"mondiovision","AR02DB61187B9A0B5E"
"retro","AR02DB61187B9A0B5E"
"french 60s","AR02DB61187B9A0B5E"
"girlie pop","AR02DB61187B9A0B5E"
"ye-ye","AR02DB61187B9A0B5E"
"fr","AR02DB61187B9A0B5E"
"funk","AR02G8X1187FB394D9"
"jazz funk","AR02G8X1187FB394D9"
"soul jazz","AR02G8X1187FB394D9"
"disco","AR02G8X1187FB394D9"
"afrobeat","AR02G8X1187FB394D9"
"trip hop","AR02G8X1187FB394D9"
"new jack swing","AR02G8X1187FB394D9"
"soul","AR02G8X1187FB394D9"
"roots reggae","AR02G8X1187FB394D9"
"ballad","AR02G8X1187FB394D9"
"hip hop","AR02G8X1187FB394D9"
"jazz","AR02G8X1187FB394D9"
"blues-rock","AR02G8X1187FB394D9"
"neo soul","AR02G8X1187FB394D9"
"tango","AR02G8X1187FB394D9"
"pop rap","AR02G8X1187FB394D9"
"bass music","AR02G8X1187FB394D9"
"big beat","AR02G8X1187FB394D9"
"country rock","AR02G8X1187FB394D9"
"reggae","AR02G8X1187FB394D9"
"pop rock","AR02G8X1187FB394D9"
"dub","AR02G8X1187FB394D9"
"downtempo","AR02G8X1187FB394D9"
"electro","AR02G8X1187FB394D9"
"breakbeat","AR02G8X1187FB394D9"
"classic rock","AR02G8X1187FB394D9"
"ska","AR02G8X1187FB394D9"
"easy listening","AR02G8X1187FB394D9"
"rock","AR02G8X1187FB394D9"
"hard rock","AR02G8X1187FB394D9"
"electronic","AR02G8X1187FB394D9"
"blues","AR02G8X1187FB394D9"
"funk soul","AR02G8X1187FB394D9"
"united states","AR02G8X1187FB394D9"
"trance","AR02G8X1187FB394D9"
"techno","AR02G8X1187FB394D9"
"alternative rock","AR02G8X1187FB394D9"
"intelligent dance music","AR02G8X1187FB394D9"
"latin","AR02G8X1187FB394D9"
"pop","AR02G8X1187FB394D9"
"house","AR02G8X1187FB394D9"
"psychedelic","AR02G8X1187FB394D9"
"70s","AR02G8X1187FB394D9"
"vocal","AR02G8X1187FB394D9"
"french","AR02G8X1187FB394D9"
"synthpop","AR02G8X1187FB394D9"
"space rock","AR02GYB1187FB5AB92"
"stoner rock","AR02GYB1187FB5AB92"
"psychedelic rock","AR02GYB1187FB5AB92"
"stoner metal","AR02GYB1187FB5AB92"
"blues","AR02GYB1187FB5AB92"
"hard rock","AR02GYB1187FB5AB92"
"psychedelic","AR02GYB1187FB5AB92"
"instrumental","AR02GYB1187FB5AB92"
"rock","AR02GYB1187FB5AB92"
"trippy","AR02GYB1187FB5AB92"
"american","AR02GYB1187FB5AB92"
"alternative","AR02GYB1187FB5AB92"
"00s","AR02GYB1187FB5AB92"
"drone","AR02GYB1187FB5AB92"
"retro","AR02GYB1187FB5AB92"
"groovy","AR02GYB1187FB5AB92"
"stoner","AR02GYB1187FB5AB92"
"united states","AR02GYB1187FB5AB92"
"san francisco","AR02GYB1187FB5AB92"
"acid rock","AR02GYB1187FB5AB92"
"desert rock","AR02GYB1187FB5AB92"
"rock 'n roll","AR02GYB1187FB5AB92"
"top albuns 2007","AR02GYB1187FB5AB92"
"jam music","AR02GYB1187FB5AB92"
"psychedelic stoner rock","AR02GYB1187FB5AB92"
"acid punk","AR02GYB1187FB5AB92"
"alternative rock","AR02GYB1187FB5AB92"
"salsa","AR02IU11187FB513F2"
"latin jazz","AR02IU11187FB513F2"
"mambo","AR02IU11187FB513F2"
"jazz","AR02IU11187FB513F2"
"new york","AR02IU11187FB513F2"
"latin","AR02IU11187FB513F2"
"world fusion","AR02IU11187FB513F2"
"orchestra","AR02IU11187FB513F2"
"bossa nova","AR02IU11187FB513F2"
"cuban jazz","AR02IU11187FB513F2"
"piano","AR02IU11187FB513F2"
"percussion","AR02IU11187FB513F2"
"saxophone","AR02IU11187FB513F2"
"big band","AR02IU11187FB513F2"
"pop","AR02IU11187FB513F2"
"drums","AR02IU11187FB513F2"
"composer","AR02IU11187FB513F2"
"beats","AR02IU11187FB513F2"
"new wave","AR02JG91187FB39B7F"
"new romantic","AR02JG91187FB39B7F"
"space rock","AR02JG91187FB39B7F"
"oldies","AR02JG91187FB39B7F"
"ska","AR02JG91187FB39B7F"
"rock","AR02JG91187FB39B7F"
"punk","AR02JG91187FB39B7F"
"80s","AR02JG91187FB39B7F"
"indie rock","AR02JG91187FB39B7F"
"british","AR02JG91187FB39B7F"
"alternative","AR02JG91187FB39B7F"
"indie","AR02JG91187FB39B7F"
"mod","AR02JG91187FB39B7F"
"60s","AR02JG91187FB39B7F"
"pop","AR02JG91187FB39B7F"
"metal","AR02JG91187FB39B7F"
"london","AR02JG91187FB39B7F"
"gothic","AR02JG91187FB39B7F"
"french","AR02JG91187FB39B7F"
"70s","AR02JG91187FB39B7F"
"english","AR02JG91187FB39B7F"
"wave","AR02JG91187FB39B7F"
"80s underground","AR02JG91187FB39B7F"
"mod revival","AR02JG91187FB39B7F"
"post-punk","AR02JG91187FB39B7F"
"future jazz","AR02KZG1187FB3B3B4"
"downtempo","AR02KZG1187FB3B3B4"
"dub","AR02KZG1187FB3B3B4"
"electronic","AR02KZG1187FB3B3B4"
"experimental","AR02KZG1187FB3B3B4"
"techno","AR02KZG1187FB3B3B4"
"ambient","AR02KZG1187FB3B3B4"
"lounge","AR02KZG1187FB3B3B4"
"downbeat","AR02KZG1187FB3B3B4"
"psychedelic chill","AR02KZG1187FB3B3B4"
"acid jazz","AR02KZG1187FB3B3B4"
"trip hop","AR02LLE1187B98CDE3"
"downtempo","AR02LLE1187B98CDE3"
"pop","AR02LLE1187B98CDE3"
"intelligent dance music","AR02LLE1187B98CDE3"
"dance","AR02LLE1187B98CDE3"
"indie rock","AR02LLE1187B98CDE3"
"electronic","AR02LLE1187B98CDE3"
"rock","AR02LLE1187B98CDE3"
"german","AR02LLE1187B98CDE3"
"indie","AR02LLE1187B98CDE3"
"70s","AR02LLE1187B98CDE3"
"abstract","AR02LLE1187B98CDE3"
"breakbeat","AR02LLE1187B98CDE3"
"german rock","AR02LLE1187B98CDE3"
"ostrock","AR02LLE1187B98CDE3"
"indie rock","AR02LMQ1187B992AC9"
"rock","AR02LMQ1187B992AC9"
"alternative","AR02LMQ1187B992AC9"
"indie","AR02LMQ1187B992AC9"
"contemporary christian","AR02LMQ1187B992AC9"
"california","AR02LMQ1187B992AC9"
"emo","AR02LMQ1187B992AC9"
"hard rock","AR02LMQ1187B992AC9"
"heavy","AR02LMQ1187B992AC9"
"vocal","AR02LMQ1187B992AC9"
"romantic","AR02LMQ1187B992AC9"
"acoustic","AR02LMQ1187B992AC9"
"melancholia","AR02LMQ1187B992AC9"
"emotional","AR02LMQ1187B992AC9"
"soul","AR02LMQ1187B992AC9"
"world","AR02LMQ1187B992AC9"
"group","AR02LMQ1187B992AC9"
"lyrics","AR02LMQ1187B992AC9"
"electric","AR02LMQ1187B992AC9"
"dance-punk","AR02MJ91187B9B3D80"
"new rave","AR02MJ91187B9B3D80"
"dance rock","AR02MJ91187B9B3D80"
"electroclash","AR02MJ91187B9B3D80"
"indietronica","AR02MJ91187B9B3D80"
"art rock","AR02MJ91187B9B3D80"
"dark wave","AR02MJ91187B9B3D80"
"synth punk","AR02MJ91187B9B3D80"
"new wave","AR02MJ91187B9B3D80"
"electropop","AR02MJ91187B9B3D80"
"synthpop","AR02MJ91187B9B3D80"
"indie rock","AR02MJ91187B9B3D80"
"electro","AR02MJ91187B9B3D80"
"indie pop","AR02MJ91187B9B3D80"
"electronica","AR02MJ91187B9B3D80"
"alternative rock","AR02MJ91187B9B3D80"
"indie","AR02MJ91187B9B3D80"
"rock","AR02MJ91187B9B3D80"
"male vocalist","AR02MJ91187B9B3D80"
"electronic","AR02MJ91187B9B3D80"
"alternative","AR02MJ91187B9B3D80"
"london","AR02MJ91187B9B3D80"
"punk","AR02MJ91187B9B3D80"
"beautiful","AR02MJ91187B9B3D80"
"english","AR02MJ91187B9B3D80"
"british","AR02MJ91187B9B3D80"
"00s","AR02MJ91187B9B3D80"
"synth","AR02MJ91187B9B3D80"
"sexy","AR02MJ91187B9B3D80"
"groovy","AR02MJ91187B9B3D80"
"glam","AR02MJ91187B9B3D80"
"electro rock","AR02MJ91187B9B3D80"
"england","AR02MJ91187B9B3D80"
"gothic","AR02MJ91187B9B3D80"
"gabba","AR02PUA1187FB52574"
"speedcore","AR02PUA1187FB52574"
"hard house","AR02PUA1187FB52574"
"happy hardcore","AR02PUA1187FB52574"
"hardcore techno","AR02PUA1187FB52574"
"breakcore","AR02PUA1187FB52574"
"electronic","AR02PUA1187FB52574"
"hardcore","AR02PUA1187FB52574"
"digital hardcore","AR02PUA1187FB52574"
"jungle music","AR02PUA1187FB52574"
"techno","AR02PUA1187FB52574"
"darkcore","AR02PUA1187FB52574"
"hard trance","AR02PUA1187FB52574"
"hardstyle","AR02PUA1187FB52574"
"breakbeat","AR02PUA1187FB52574"
"grindcore","AR02PUA1187FB52574"
"industrial","AR02PUA1187FB52574"
"noise","AR02PUA1187FB52574"
"trance","AR02PUA1187FB52574"
"united states","AR02PUA1187FB52574"
"experimental","AR02PUA1187FB52574"
"acid","AR02PUA1187FB52574"
"electronica","AR02PUA1187FB52574"
"rock","AR02PUA1187FB52574"
"drum and bass","AR02PUA1187FB52574"
"house","AR02PUA1187FB52574"
"belgium","AR02PUA1187FB52574"
"goa trance","AR02PUA1187FB52574"
"japan","AR02PUA1187FB52574"
"chicago","AR02PUA1187FB52574"
"germany","AR02PUA1187FB52574"
"thrash metal","AR02PUA1187FB52574"
"industrial hardcore","AR02PUA1187FB52574"
"nederland","AR02PUA1187FB52574"
"poland","AR02PUA1187FB52574"
"modern classical","AR02PUA1187FB52574"
"terror","AR02PUA1187FB52574"
"aggressive","AR02PUA1187FB52574"
"illinois","AR02PUA1187FB52574"
"mainstyle hardcore","AR02PUA1187FB52574"
"terrorcore","AR02PUA1187FB52574"
"rotterdam","AR02PUA1187FB52574"
"garage house","AR02PUA1187FB52574"
"broken beat","AR02QB911C8A4158BA"
"deep house","AR02QB911C8A4158BA"
"lullaby","AR02QB911C8A4158BA"
"breakbeat","AR02QB911C8A4158BA"
"future jazz","AR02QB911C8A4158BA"
"dub","AR02QB911C8A4158BA"
"techno","AR02QB911C8A4158BA"
"disco","AR02QB911C8A4158BA"
"electronic","AR02QB911C8A4158BA"
"minimal","AR02QB911C8A4158BA"
"house","AR02QB911C8A4158BA"
"japan","AR02QB911C8A4158BA"
"pop","AR02QB911C8A4158BA"
"classical","AR02QB911C8A4158BA"
"experimental","AR02QB911C8A4158BA"
"eerie","AR02QB911C8A4158BA"
"doo-wop","AR02S0A1187B98C867"
"disco","AR02S0A1187B98C867"
"all-female","AR02S0A1187B98C867"
"new wave","AR02S0A1187B98C867"
"r&b","AR02S0A1187B98C867"
"oldies","AR02S0A1187B98C867"
"pop rock","AR02S0A1187B98C867"
"rock","AR02S0A1187B98C867"
"funk","AR02S0A1187B98C867"
"soundtrack","AR02S0A1187B98C867"
"female vocalist","AR02S0A1187B98C867"
"vocal","AR02S0A1187B98C867"
"rock 'n roll","AR02S0A1187B98C867"
"pop","AR02S0A1187B98C867"
"jazz","AR02S0A1187B98C867"
"electronic","AR02S0A1187B98C867"
"60s","AR02S0A1187B98C867"
"50s","AR02S0A1187B98C867"
"united states","AR02S0A1187B98C867"
"american","AR02S0A1187B98C867"
"new zealand","AR02S0A1187B98C867"
"soul","AR02S0A1187B98C867"
"new york","AR02S0A1187B98C867"
"swing","AR02S0A1187B98C867"
"funk soul","AR02S0A1187B98C867"
"early rock n roll","AR02S0A1187B98C867"
"indie rock","AR02T3I1187FB4D0E5"
"downtempo","AR02T3I1187FB4D0E5"
"new wave","AR02T3I1187FB4D0E5"
"british pop","AR02T3I1187FB4D0E5"
"slow core","AR02T3I1187FB4D0E5"
"pop rap","AR02T3I1187FB4D0E5"
"chill-out","AR02T3I1187FB4D0E5"
"country rock","AR02T3I1187FB4D0E5"
"chamber pop","AR02T3I1187FB4D0E5"
"trance","AR02T3I1187FB4D0E5"
"folk rock","AR02T3I1187FB4D0E5"
"rock","AR02T3I1187FB4D0E5"
"indie pop","AR02T3I1187FB4D0E5"
"bluegrass","AR02T3I1187FB4D0E5"
"soft rock","AR02T3I1187FB4D0E5"
"post rock","AR02T3I1187FB4D0E5"
"pop punk","AR02T3I1187FB4D0E5"
"electronic","AR02T3I1187FB4D0E5"
"pop rock","AR02T3I1187FB4D0E5"
"alternative rock","AR02T3I1187FB4D0E5"
"ska","AR02T3I1187FB4D0E5"
"classic rock","AR02T3I1187FB4D0E5"
"lo-fi","AR02T3I1187FB4D0E5"
"industrial","AR02T3I1187FB4D0E5"
"electro","AR02T3I1187FB4D0E5"
"hip hop","AR02T3I1187FB4D0E5"
"modern classical","AR02T3I1187FB4D0E5"
"tribal","AR02T3I1187FB4D0E5"
"singer-songwriter","AR02T3I1187FB4D0E5"
"folk","AR02T3I1187FB4D0E5"
"jazz","AR02T3I1187FB4D0E5"
"female vocalist","AR02T3I1187FB4D0E5"
"pop","AR02T3I1187FB4D0E5"
"indie","AR02T3I1187FB4D0E5"
"twee","AR02T3I1187FB4D0E5"
"scottish","AR02T3I1187FB4D0E5"
"alternative","AR02T3I1187FB4D0E5"
"country","AR02T3I1187FB4D0E5"
"acoustic","AR02T3I1187FB4D0E5"
"beautiful","AR02T3I1187FB4D0E5"
"british","AR02T3I1187FB4D0E5"
"experimental","AR02T3I1187FB4D0E5"
"metal","AR02T3I1187FB4D0E5"
"world","AR02T3I1187FB4D0E5"
"house","AR02T3I1187FB4D0E5"
"00s","AR02T3I1187FB4D0E5"
"mellow","AR02T3I1187FB4D0E5"
"lounge","AR02T3I1187FB4D0E5"
"latin jazz","AR02T6T1187FB3D8E5"
"acid jazz","AR02T6T1187FB3D8E5"
"soul jazz","AR02T6T1187FB3D8E5"
"jazz","AR02T6T1187FB3D8E5"
"cool jazz","AR02T6T1187FB3D8E5"
"downtempo","AR02T6T1187FB3D8E5"
"bossa nova","AR02T6T1187FB3D8E5"
"big beat","AR02T6T1187FB3D8E5"
"disco","AR02T6T1187FB3D8E5"
"breakbeat","AR02T6T1187FB3D8E5"
"electronic","AR02T6T1187FB3D8E5"
"ballad","AR02T6T1187FB3D8E5"
"pop rock","AR02T6T1187FB3D8E5"
"pop rap","AR02T6T1187FB3D8E5"
"contemporary jazz","AR02T6T1187FB3D8E5"
"rock","AR02T6T1187FB3D8E5"
"house","AR02T6T1187FB3D8E5"
"hip hop","AR02T6T1187FB3D8E5"
"pop","AR02T6T1187FB3D8E5"
"funk","AR02T6T1187FB3D8E5"
"latin","AR02T6T1187FB3D8E5"
"synthpop","AR02T6T1187FB3D8E5"
"soul","AR02T6T1187FB3D8E5"
"new wave","AR02T6T1187FB3D8E5"
"reggae","AR02T6T1187FB3D8E5"
"germany","AR02T6T1187FB3D8E5"
"alternative rock","AR02T6T1187FB3D8E5"
"jazz rock","AR02T6T1187FB3D8E5"
"acoustic","AR02T6T1187FB3D8E5"
"gospel","AR02T6T1187FB3D8E5"
"party music","AR02T6T1187FB3D8E5"
"british","AR02T6T1187FB3D8E5"
"european","AR02T6T1187FB3D8E5"
"80s","AR02T6T1187FB3D8E5"
"tribal","AR02T6T1187FB3D8E5"
"funk soul","AR02T6T1187FB3D8E5"
"japan","AR02T6T1187FB3D8E5"
"canada","AR02T6T1187FB3D8E5"
"fusion","AR02T6T1187FB3D8E5"
"funky","AR02T6T1187FB3D8E5"
"jazzdance","AR02T6T1187FB3D8E5"
"united states","AR02T6T1187FB3D8E5"
"acid house","AR02T6T1187FB3D8E5"
"gothic rock","AR02T6T1187FB3D8E5"
"french","AR02T6T1187FB3D8E5"
"indie rock","AR02TU31187FB5629E"
"rock","AR02TU31187FB5629E"
"indie pop","AR02TU31187FB5629E"
"singer-songwriter","AR02TU31187FB5629E"
"female vocalist","AR02TU31187FB5629E"
"indie","AR02TU31187FB5629E"
"folk","AR02TU31187FB5629E"
"piano","AR02TU31187FB5629E"
"united states","AR02TU31187FB5629E"
"alternative","AR02TU31187FB5629E"
"american","AR02TU31187FB5629E"
"classical","AR02TU31187FB5629E"
"mellow","AR02TU31187FB5629E"
"wistful","AR02TU31187FB5629E"
"nashville","AR02TU31187FB5629E"
"sxsw 2009","AR02TU31187FB5629E"
"alternative rock","AR02TU31187FB5629E"
"tennessee","AR02TU31187FB5629E"
"easy listening","AR02U831187B9B60B0"
"post rock","AR02U831187B9B60B0"
"europop","AR02U831187B9B60B0"
"early music","AR02U831187B9B60B0"
"instrumental rock","AR02U831187B9B60B0"
"slow core","AR02U831187B9B60B0"
"soca","AR02U831187B9B60B0"
"german pop","AR02U831187B9B60B0"
"ballad","AR02U831187B9B60B0"
"experimental rock","AR02U831187B9B60B0"
"shoegaze","AR02U831187B9B60B0"
"space rock","AR02U831187B9B60B0"
"jazz","AR02U831187B9B60B0"
"reggae","AR02U831187B9B60B0"
"classic rock","AR02U831187B9B60B0"
"soundtrack","AR02U831187B9B60B0"
"progressive rock","AR02U831187B9B60B0"
"indie pop","AR02U831187B9B60B0"
"trance","AR02U831187B9B60B0"
"techno","AR02U831187B9B60B0"
"rap","AR02U831187B9B60B0"
"rock","AR02U831187B9B60B0"
"dance","AR02U831187B9B60B0"
"indie rock","AR02U831187B9B60B0"
"finish","AR02U831187B9B60B0"
"female vocalist","AR02U831187B9B60B0"
"pop","AR02U831187B9B60B0"
"instrumental","AR02U831187B9B60B0"
"experimental","AR02U831187B9B60B0"
"electronic","AR02U831187B9B60B0"
"alternative","AR02U831187B9B60B0"
"ambient","AR02U831187B9B60B0"
"classical","AR02U831187B9B60B0"
"folk","AR02U831187B9B60B0"
"indie","AR02U831187B9B60B0"
"latin","AR02U831187B9B60B0"
"world","AR02U831187B9B60B0"
"progressive","AR02U831187B9B60B0"
"german","AR02U831187B9B60B0"
"psychedelic","AR02U831187B9B60B0"
"noise","AR02U831187B9B60B0"
"female","AR02U831187B9B60B0"
"lounge","AR02U831187B9B60B0"
"piano","AR02U831187B9B60B0"
"country","AR02U831187B9B60B0"
"gothic rock","AR02UJP1187B9910C5"
"gothic metal","AR02UJP1187B9910C5"
"rock","AR02UJP1187B9910C5"
"psychedelic rock","AR02UJP1187B9910C5"
"new wave","AR02UJP1187B9910C5"
"industrial","AR02UJP1187B9910C5"
"electronic","AR02UJP1187B9910C5"
"female vocalist","AR02UJP1187B9910C5"
"gothic","AR02UJP1187B9910C5"
"dark","AR02UJP1187B9910C5"
"punk","AR02UJP1187B9910C5"
"deathrock","AR02UJP1187B9910C5"
"united states","AR02UJP1187B9910C5"
"alternative pop rock","AR02UJP1187B9910C5"
"experimental","AR02UJP1187B9910C5"
"germany","AR02UJP1187B9910C5"
"synthpop","AR02UJP1187B9910C5"
"alternative rock","AR02UJP1187B9910C5"
"los angeles","AR02WCL1187B9A7FDF"
"post-hardcore","AR02WCL1187B9A7FDF"
"club","AR02WCL1187B9A7FDF"
"tech house","AR02WCL1187B9A7FDF"
"deep house","AR02WCL1187B9A7FDF"
"electro","AR02WCL1187B9A7FDF"
"electronic","AR02WCL1187B9A7FDF"
"house","AR02WCL1187B9A7FDF"
"hardcore","AR02WCL1187B9A7FDF"
"rock","AR02WCL1187B9A7FDF"
"italy","AR02WCL1187B9A7FDF"
"new york city","AR02WCL1187B9A7FDF"
"united states","AR02WCL1187B9A7FDF"
"zxzw","AR02WCL1187B9A7FDF"
"san francisco","AR02WCL1187B9A7FDF"
"zxzw 2005","AR02WCL1187B9A7FDF"
"alternative rock","AR02WCL1187B9A7FDF"
"disco","AR02WQR1187B997F8A"
"r&b","AR02WQR1187B997F8A"
"funk","AR02WQR1187B997F8A"
"southern soul","AR02WQR1187B997F8A"
"electric blues","AR02WQR1187B997F8A"
"chicago soul","AR02WQR1187B997F8A"
"soul","AR02WQR1187B997F8A"
"blues","AR02WQR1187B997F8A"
"rock","AR02WQR1187B997F8A"
"reggae","AR02WQR1187B997F8A"
"female vocalist","AR02WQR1187B997F8A"
"spiritual","AR02WQR1187B997F8A"
"united states","AR02WQR1187B997F8A"
"jazz","AR02WQR1187B997F8A"
"hip hop","AR02WQR1187B997F8A"
"inspirational","AR02WQR1187B997F8A"
"electronic","AR02WQR1187B997F8A"
"funk soul","AR02WQR1187B997F8A"
"60s","AR02WQR1187B997F8A"
"world","AR02WQR1187B997F8A"
"detroit","AR02WQR1187B997F8A"
"70s","AR02WQR1187B997F8A"
"canada","AR02WQR1187B997F8A"
"africosmic","AR02WQR1187B997F8A"
"diva","AR02WQR1187B997F8A"
"breakbeat","AR02WQR1187B997F8A"
"french","AR02WQR1187B997F8A"
"washington","AR02WQR1187B997F8A"
"ladies","AR02WQR1187B997F8A"
"chess records","AR02WQR1187B997F8A"
"soul jazz records","AR02WQR1187B997F8A"
"classic soul","AR02WQR1187B997F8A"
"chanting","AR02WQR1187B997F8A"
"1970s soul","AR02WQR1187B997F8A"
"60s soul","AR02WQR1187B997F8A"
"tech house","AR02X7I1187FB41C6F"
"techno","AR02X7I1187FB41C6F"
"deep house","AR02X7I1187FB41C6F"
"progressive house","AR02X7I1187FB41C6F"
"electro","AR02X7I1187FB41C6F"
"electronic","AR02X7I1187FB41C6F"
"minimal","AR02X7I1187FB41C6F"
"downtempo","AR02X7I1187FB41C6F"
"house","AR02X7I1187FB41C6F"
"electronica","AR02X7I1187FB41C6F"
"germany","AR02X7I1187FB41C6F"
"french","AR02X7I1187FB41C6F"
"tribal","AR02X7I1187FB41C6F"
"minimal techno","AR02X7I1187FB41C6F"
"minimal techno artists","AR02X7I1187FB41C6F"
"electro house","AR02X7I1187FB41C6F"
"nederland","AR02X7I1187FB41C6F"
"synthpop","AR02X7I1187FB41C6F"
"neotrance","AR02X7I1187FB41C6F"
"mnml","AR02X7I1187FB41C6F"
"euro-house","AR02X7I1187FB41C6F"
"progressive electro","AR02X7I1187FB41C6F"
"cumbia","AR02YGA1187B9B8AC4"
"murga","AR02YGA1187B9B8AC4"
"rock 'n roll","AR02YGA1187B9B8AC4"
"argentine rock","AR02YGA1187B9B8AC4"
"quartet","AR02YGA1187B9B8AC4"
"ska punk","AR02YGA1187B9B8AC4"
"rockabilly","AR02YGA1187B9B8AC4"
"grunge","AR02YGA1187B9B8AC4"
"world music","AR02YGA1187B9B8AC4"
"dub","AR02YGA1187B9B8AC4"
"ska","AR02YGA1187B9B8AC4"
"alternative rock","AR02YGA1187B9B8AC4"
"reggae","AR02YGA1187B9B8AC4"
"emo","AR02YGA1187B9B8AC4"
"soundtrack","AR02YGA1187B9B8AC4"
"funk","AR02YGA1187B9B8AC4"
"hip hop","AR02YGA1187B9B8AC4"
"rock","AR02YGA1187B9B8AC4"
"singer-songwriter","AR02YGA1187B9B8AC4"
"latin","AR02YGA1187B9B8AC4"
"indie rock","AR02YGA1187B9B8AC4"
"chill-out","AR02YGA1187B9B8AC4"
"punk","AR02YGA1187B9B8AC4"
"argentina","AR02YGA1187B9B8AC4"
"rock argentina","AR02YGA1187B9B8AC4"
"electronic","AR02YGA1187B9B8AC4"
"rock en espanol","AR02YGA1187B9B8AC4"
"pop","AR02YGA1187B9B8AC4"
"world","AR02YGA1187B9B8AC4"
"alternative","AR02YGA1187B9B8AC4"
"political","AR02YGA1187B9B8AC4"
"80s","AR02YGA1187B9B8AC4"
"progressive","AR02YGA1187B9B8AC4"
"soul","AR02YGA1187B9B8AC4"
"fusion","AR02YGA1187B9B8AC4"
"90s","AR02YGA1187B9B8AC4"
"spanish","AR02YGA1187B9B8AC4"
"classic","AR02YGA1187B9B8AC4"
"male","AR02YGA1187B9B8AC4"
"heavy","AR02YGA1187B9B8AC4"
"spanish rock","AR02YGA1187B9B8AC4"
"rock nacional","AR02YGA1187B9B8AC4"
"synthpop","AR02YGA1187B9B8AC4"
"latin rock","AR02YGA1187B9B8AC4"
"samba","AR02YSG1187FB382EA"
"brazilian pop music","AR02YSG1187FB382EA"
"latin jazz","AR02YSG1187FB382EA"
"pagode","AR02YSG1187FB382EA"
"choro","AR02YSG1187FB382EA"
"afrobeat","AR02YSG1187FB382EA"
"bossa nova","AR02YSG1187FB382EA"
"world music","AR02YSG1187FB382EA"
"latin","AR02YSG1187FB382EA"
"singer-songwriter","AR02YSG1187FB382EA"
"brazilian","AR02YSG1187FB382EA"
"jazz","AR02YSG1187FB382EA"
"female vocalist","AR02YSG1187FB382EA"
"brazil","AR02YSG1187FB382EA"
"pop","AR02YSG1187FB382EA"
"folk","AR02YSG1187FB382EA"
"indie","AR02YSG1187FB382EA"
"acoustic","AR02YSG1187FB382EA"
"world","AR02YSG1187FB382EA"
"female vocals","AR02YSG1187FB382EA"
"70s","AR02YSG1187FB382EA"
"lounge","AR02YSG1187FB382EA"
"female","AR02YSG1187FB382EA"
"california","AR02YSG1187FB382EA"
"romantic","AR02YSG1187FB382EA"
"brazilian music","AR02YSG1187FB382EA"
"latin music","AR02YSG1187FB382EA"
"latin america","AR02YSG1187FB382EA"
"singer","AR02YSG1187FB382EA"
"carnival","AR02YSG1187FB382EA"
"diva","AR02YSG1187FB382EA"
"rio de janeiro","AR02YSG1187FB382EA"
"cabo verde","AR02YSG1187FB382EA"
"portugese","AR02YSG1187FB382EA"
"hard trance","AR02Z7X1187FB5806F"
"trance","AR02Z7X1187FB5806F"
"progressive trance","AR02Z7X1187FB5806F"
"progressive house","AR02Z7X1187FB5806F"
"hardstyle","AR02Z7X1187FB5806F"
"electronic","AR02Z7X1187FB5806F"
"dance","AR02Z7X1187FB5806F"
"electro","AR02Z7X1187FB5806F"
"techno","AR02Z7X1187FB5806F"
"rock","AR02Z7X1187FB5806F"
"electronica","AR02Z7X1187FB5806F"
"house","AR02Z7X1187FB5806F"
"nederland","AR02Z7X1187FB5806F"
"uplifting trance","AR02Z7X1187FB5806F"
"minimal","AR02Z7X1187FB5806F"
"germany","AR02Z7X1187FB5806F"
"acid","AR02Z7X1187FB5806F"
"chinese","AR02Z7X1187FB5806F"
"club music","AR02Z7X1187FB5806F"
"euro-house","AR02Z7X1187FB5806F"
"hip hop","AR030L21187B993260"
"dirty south rap","AR030L21187B993260"
"gangsta","AR030L21187B993260"
"rap","AR030L21187B993260"
"united states","AR030L21187B993260"
"detroit","AR030L21187B993260"
"hardcore rap","AR030L21187B993260"
"detroit rap","AR030L21187B993260"
"louisiana rap","AR030L21187B993260"
"new orleans bounce","AR030L21187B993260"
"no limit","AR030L21187B993260"
"electronica","AR035N21187FB3938E"
"rock","AR035N21187FB3938E"
"ambient","AR035N21187FB3938E"
"alternative","AR035N21187FB3938E"
"club","AR035N21187FB3938E"
"progressive house","AR035N21187FB3938E"
"soundtrack","AR035N21187FB3938E"
"techno","AR035N21187FB3938E"
"electronic","AR035N21187FB3938E"
"rap","AR035N21187FB3938E"
"remix","AR035N21187FB3938E"
"progressive","AR035N21187FB3938E"
"beautiful","AR035N21187FB3938E"
"dream","AR035N21187FB3938E"
"vocal","AR035N21187FB3938E"
"epic","AR035N21187FB3938E"
"new age","AR035N21187FB3938E"
"experimental","AR035N21187FB3938E"
"melodic","AR035N21187FB3938E"
"deep","AR035N21187FB3938E"
"mix","AR035N21187FB3938E"
"dream house","AR035N21187FB3938E"
"italian disco","AR035X11187B996BB9"
"disco","AR035X11187B996BB9"
"electro","AR035X11187B996BB9"
"new wave","AR035X11187B996BB9"
"electroclash","AR035X11187B996BB9"
"tech house","AR035X11187B996BB9"
"electronic music","AR035X11187B996BB9"
"synthpop","AR035X11187B996BB9"
"electronic","AR035X11187B996BB9"
"breakcore","AR035X11187B996BB9"
"electropop","AR035X11187B996BB9"
"drum and bass","AR035X11187B996BB9"
"oldies","AR035X11187B996BB9"
"techno","AR035X11187B996BB9"
"electronica","AR035X11187B996BB9"
"reggae","AR035X11187B996BB9"
"dance","AR035X11187B996BB9"
"indie pop","AR035X11187B996BB9"
"intelligent dance music","AR035X11187B996BB9"
"punk","AR035X11187B996BB9"
"female vocalist","AR035X11187B996BB9"
"united states","AR035X11187B996BB9"
"house","AR035X11187B996BB9"
"alternative","AR035X11187B996BB9"
"experimental","AR035X11187B996BB9"
"00s","AR035X11187B996BB9"
"germany","AR035X11187B996BB9"
"industrial","AR035X11187B996BB9"
"avant-garde","AR035X11187B996BB9"
"female vocals","AR035X11187B996BB9"
"detroit","AR035X11187B996BB9"
"italy","AR035X11187B996BB9"
"discover","AR035X11187B996BB9"
"raw","AR035X11187B996BB9"
"nederhop","AR035X11187B996BB9"
"analog","AR035X11187B996BB9"
"breakbeat","AR035X11187B996BB9"
"soundtrack","AR039B11187B9B30D0"
"blues","AR039B11187B9B30D0"
"new york","AR039B11187B9B30D0"
"original score","AR039B11187B9B30D0"
"rock","AR039B11187B9B30D0"
"composer","AR039B11187B9B30D0"
"jazz","AR039B11187B9B30D0"
"acoustic","AR039B11187B9B30D0"
"orchestra","AR039B11187B9B30D0"
"piano","AR039B11187B9B30D0"
"guitar","AR039B11187B9B30D0"
"movie","AR039B11187B9B30D0"
"experimental","AR039B11187B9B30D0"
"classic","AR039B11187B9B30D0"
"dark","AR039B11187B9B30D0"
"pop","AR039B11187B9B30D0"
"violin","AR039B11187B9B30D0"
"epic","AR039B11187B9B30D0"
"cello","AR039B11187B9B30D0"
"cinematic","AR039B11187B9B30D0"
"future jazz","AR03AC11187FB39256"
"hip hop","AR03AC11187FB39256"
"deep house","AR03AC11187FB39256"
"alternative hip hop","AR03AC11187FB39256"
"neo soul","AR03AC11187FB39256"
"funk","AR03AC11187FB39256"
"electronic","AR03AC11187FB39256"
"house","AR03AC11187FB39256"
"alternative","AR03AC11187FB39256"
"united states","AR03AC11187FB39256"
"jazz hip hop","AR03AC11187FB39256"
"fir","AR03AC11187FB39256"
"funk soul","AR03AC11187FB39256"
"female mc","AR03AC11187FB39256"
"doomsdope","AR03AC11187FB39256"
"old school","AR03AC11187FB39256"
"true hip hop","AR03AC11187FB39256"
"female funk","AR03AC11187FB39256"
"garage house","AR03AC11187FB39256"
"dance pop","AR03BDP1187FB5B324"
"teen pop","AR03BDP1187FB5B324"
"pop rock","AR03BDP1187FB5B324"
"electropop","AR03BDP1187FB5B324"
"adult contemporary","AR03BDP1187FB5B324"
"ballad","AR03BDP1187FB5B324"
"pop","AR03BDP1187FB5B324"
"r&b","AR03BDP1187FB5B324"
"female vocalist","AR03BDP1187FB5B324"
"club","AR03BDP1187FB5B324"
"power pop","AR03BDP1187FB5B324"
"hip hop","AR03BDP1187FB5B324"
"electro","AR03BDP1187FB5B324"
"rock","AR03BDP1187FB5B324"
"soft rock","AR03BDP1187FB5B324"
"electronica","AR03BDP1187FB5B324"
"american","AR03BDP1187FB5B324"
"00s","AR03BDP1187FB5B324"
"female","AR03BDP1187FB5B324"
"electronic","AR03BDP1187FB5B324"
"funk","AR03BDP1187FB5B324"
"techno","AR03BDP1187FB5B324"
"rap","AR03BDP1187FB5B324"
"soundtrack","AR03BDP1187FB5B324"
"90s","AR03BDP1187FB5B324"
"blues","AR03BDP1187FB5B324"
"alternative","AR03BDP1187FB5B324"
"indie","AR03BDP1187FB5B324"
"punk","AR03BDP1187FB5B324"
"metal","AR03BDP1187FB5B324"
"happy hardcore","AR03BUL1187B98A151"
"breakbeat","AR03BUL1187B98A151"
"trance","AR03BUL1187B98A151"
"electronica","AR03BUL1187B98A151"
"house","AR03BUL1187B98A151"
"electronic","AR03BUL1187B98A151"
"gospel","AR03BUL1187B98A151"
"hardcore","AR03BUL1187B98A151"
"spain","AR03BUL1187B98A151"
"fusion","AR03BUL1187B98A151"
"folk rock","AR03D6O1187B9B0108"
"indie rock","AR03D6O1187B9B0108"
"pop rock","AR03D6O1187B9B0108"
"rock","AR03D6O1187B9B0108"
"alternative rock","AR03D6O1187B9B0108"
"shoegaze","AR03D6O1187B9B0108"
"free music","AR03D6O1187B9B0108"
"indietronica","AR03D6O1187B9B0108"
"indie pop","AR03D6O1187B9B0108"
"pop","AR03D6O1187B9B0108"
"singer-songwriter","AR03D6O1187B9B0108"
"downtempo","AR03D6O1187B9B0108"
"emo","AR03D6O1187B9B0108"
"folk","AR03D6O1187B9B0108"
"sweden","AR03D6O1187B9B0108"
"acoustic","AR03D6O1187B9B0108"
"techno","AR03D6O1187B9B0108"
"world","AR03D6O1187B9B0108"
"country","AR03D6O1187B9B0108"
"intelligent dance music","AR03D6O1187B9B0108"
"lo-fi","AR03D6O1187B9B0108"
"swedish","AR03D6O1187B9B0108"
"indie","AR03D6O1187B9B0108"
"scandinavia","AR03D6O1187B9B0108"
"germany","AR03D6O1187B9B0108"
"melancholia","AR03D6O1187B9B0108"
"electronic","AR03D6O1187B9B0108"
"alternative","AR03D6O1187B9B0108"
"experimental","AR03D6O1187B9B0108"
"beautiful","AR03D6O1187B9B0108"
"european","AR03D6O1187B9B0108"
"indie folk","AR03D6O1187B9B0108"
"synthpop","AR03D6O1187B9B0108"
"depressive","AR03D6O1187B9B0108"
"alternative pop rock","AR03D6O1187B9B0108"
"brooding","AR03D6O1187B9B0108"
"neofolk","AR03D6O1187B9B0108"
"glitterhouse","AR03D6O1187B9B0108"
"blues-rock","AR03E4O1187FB3DEB1"
"southern rock","AR03E4O1187FB3DEB1"
"country rock","AR03E4O1187FB3DEB1"
"hard rock","AR03E4O1187FB3DEB1"
"classic rock","AR03E4O1187FB3DEB1"
"blues","AR03E4O1187FB3DEB1"
"west coast rap","AR03E4O1187FB3DEB1"
"hip hop","AR03E4O1187FB3DEB1"
"rap","AR03E4O1187FB3DEB1"
"rock","AR03E4O1187FB3DEB1"
"indie","AR03E4O1187FB3DEB1"
"hardcore","AR03E4O1187FB3DEB1"
"progressive","AR03E4O1187FB3DEB1"
"70s","AR03E4O1187FB3DEB1"
"guitar","AR03E4O1187FB3DEB1"
"california","AR03E4O1187FB3DEB1"
"lyrical","AR03E4O1187FB3DEB1"
"dream pop","AR03ESE1187B992BC5"
"indie rock","AR03ESE1187B992BC5"
"chill-out","AR03ESE1187B992BC5"
"alternative rock","AR03ESE1187B992BC5"
"new wave","AR03ESE1187B992BC5"
"shoegaze","AR03ESE1187B992BC5"
"europop","AR03ESE1187B992BC5"
"electro","AR03ESE1187B992BC5"
"ska","AR03ESE1187B992BC5"
"ballad","AR03ESE1187B992BC5"
"rock","AR03ESE1187B992BC5"
"indie pop","AR03ESE1187B992BC5"
"synthpop","AR03ESE1187B992BC5"
"heavy metal","AR03ESE1187B992BC5"
"pop rock","AR03ESE1187B992BC5"
"hard rock","AR03ESE1187B992BC5"
"hip hop","AR03ESE1187B992BC5"
"electronic","AR03ESE1187B992BC5"
"female vocalist","AR03ESE1187B992BC5"
"soundtrack","AR03ESE1187B992BC5"
"united states","AR03ESE1187B992BC5"
"punk","AR03ESE1187B992BC5"
"indie","AR03ESE1187B992BC5"
"pop","AR03ESE1187B992BC5"
"hardcore","AR03ESE1187B992BC5"
"christian","AR03ESE1187B992BC5"
"alternative","AR03ESE1187B992BC5"
"american","AR03ESE1187B992BC5"
"power pop","AR03ESE1187B992BC5"
"christian indie","AR03ESE1187B992BC5"
"nu stuff 7","AR03ESE1187B992BC5"
"chamber pop","AR03FDN1187FB3EC85"
"christian rock","AR03FDN1187FB3EC85"
"heavy metal","AR03FDN1187FB3EC85"
"cabaret","AR03FDN1187FB3EC85"
"metalcore","AR03FDN1187FB3EC85"
"emo","AR03FDN1187FB3EC85"
"rock","AR03FDN1187FB3EC85"
"pop","AR03FDN1187FB3EC85"
"hardcore","AR03FDN1187FB3EC85"
"spiritual","AR03FDN1187FB3EC85"
"electronic","AR03FDN1187FB3EC85"
"metal","AR03FDN1187FB3EC85"
"noise","AR03FDN1187FB3EC85"
"indie","AR03FDN1187FB3EC85"
"spain","AR03FDN1187FB3EC85"
"american underground","AR03FDN1187FB3EC85"
"lyrical","AR03FDN1187FB3EC85"
"nu metal","AR03FDN1187FB3EC85"
"euro-house","AR03FDN1187FB3EC85"
"steampunk","AR03FDN1187FB3EC85"
"baroque rock","AR03FDN1187FB3EC85"
"alternative rock","AR03FDN1187FB3EC85"
"breakbeat","AR03FJW1187B98AFEE"
"hard house","AR03FJW1187B98AFEE"
"hardcore techno","AR03FJW1187B98AFEE"
"rave","AR03FJW1187B98AFEE"
"happy hardcore","AR03FJW1187B98AFEE"
"dark wave","AR03FJW1187B98AFEE"
"jungle music","AR03FJW1187B98AFEE"
"downtempo","AR03FJW1187B98AFEE"
"tech house","AR03FJW1187B98AFEE"
"electronic","AR03FJW1187B98AFEE"
"hardcore","AR03FJW1187B98AFEE"
"techno","AR03FJW1187B98AFEE"
"progressive trance","AR03FJW1187B98AFEE"
"dub","AR03FJW1187B98AFEE"
"electro","AR03FJW1187B98AFEE"
"hip hop","AR03FJW1187B98AFEE"
"electronica","AR03FJW1187B98AFEE"
"house","AR03FJW1187B98AFEE"
"intelligent dance music","AR03FJW1187B98AFEE"
"ebm","AR03FJW1187B98AFEE"
"old school hardcore","AR03FJW1187B98AFEE"
"germany","AR03FJW1187B98AFEE"
"abstract","AR03FJW1187B98AFEE"
"drum and bass","AR03FJW1187B98AFEE"
"ambient","AR03FJW1187B98AFEE"
"acid","AR03FJW1187B98AFEE"
"italy","AR03FJW1187B98AFEE"
"tribal","AR03FJW1187B98AFEE"
"psychedelic trance","AR03FJW1187B98AFEE"
"meditation","AR03G0O1187B9A2769"
"new age","AR03G0O1187B9A2769"
"chill-out","AR03G0O1187B9A2769"
"world fusion","AR03G0O1187B9A2769"
"relax","AR03G0O1187B9A2769"
"spiritual","AR03G0O1187B9A2769"
"guitar","AR03G0O1187B9A2769"
"dreamy","AR03G0O1187B9A2769"
"native american","AR03G0O1187B9A2769"
"flute","AR03G0O1187B9A2769"
"contemporary instrumental","AR03G0O1187B9A2769"
"peaceful","AR03G0O1187B9A2769"
"relaxation","AR03G0O1187B9A2769"
"space ambient","AR03G0O1187B9A2769"
"soft rock","AR03G121187FB52EDF"
"los angeles","AR03G121187FB52EDF"
"pop rock","AR03G121187FB52EDF"
"adult contemporary","AR03G121187FB52EDF"
"gospel","AR03G121187FB52EDF"
"aor","AR03G121187FB52EDF"
"contemporary christian","AR03G121187FB52EDF"
"rock","AR03G121187FB52EDF"
"west coast","AR03G121187FB52EDF"
"alternative rock","AR03G121187FB52EDF"
"disco","AR03GWG1187B9B6C85"
"funk","AR03GWG1187B9B6C85"
"electronica","AR03GWG1187B9B6C85"
"eurodance","AR03GWG1187B9B6C85"
"europop","AR03GWG1187B9B6C85"
"euro-trance","AR03GWG1187B9B6C85"
"rave","AR03GWG1187B9B6C85"
"club","AR03GWG1187B9B6C85"
"electropop","AR03GWG1187B9B6C85"
